expense_date,expense_category,allocated_budget_usd,actual_spent_usd
2025-01-01,AWS Cloud Hosting,12509,12935.65259933397
2025-01-01,Marketing Ads,12159,14540.32096965295
2025-01-01,Software Licenses,13738,17813.05329885621
2025-01-01,Office Rent,3186,3412.40897050681
2025-01-01,Travel Expenses,3329,4099.646918485594
2025-01-02,AWS Cloud Hosting,14475,19449.51199671226
2025-01-02,Marketing Ads,2873,3542.397905640398
2025-01-02,Software Licenses,3955,5264.028742891491
2025-01-02,Office Rent,11575,15492.37321838135
2025-01-02,Travel Expenses,10148,11412.36776414045
2025-01-03,AWS Cloud Hosting,11677,10921.89414748689
2025-01-03,Marketing Ads,5361,7209.899133958827
2025-01-03,Software Licenses,8495,7209.899133958827
2025-01-03,Office Rent,7211,9160.733589253008
2025-01-03,Travel Expenses,14419,12682.2660648114
2025-01-04,AWS Cloud Hosting,11118,14720.21006062428
2025-01-04,Marketing Ads,12481,15209.95048886581
2025-01-04,Software Licenses,6955,8654.928294051633
2025-01-04,Office Rent,8486,8654.928294051633
2025-01-04,Travel Expenses,9080,11413.98453099098
2025-01-05,AWS Cloud Hosting,7289,6877.372210406915
2025-01-05,Marketing Ads,14862,19644.35744873428
2025-01-05,Software Licenses,11585,14973.92546282151
2025-01-05,Office Rent,4030,4786.898489859806
2025-01-05,Travel Expenses,7470,6369.062764063245
2025-01-06,AWS Cloud Hosting,8703,7411.727597172403
2025-01-06,Marketing Ads,9061,11838.43707212314
2025-01-06,Software Licenses,13886,17132.05153792874
2025-01-06,Office Rent,8035,10535.34388988951
2025-01-06,Travel Expenses,11770,10850.65302085018
2025-01-07,AWS Cloud Hosting,2931,2532.292807020296
2025-01-07,Marketing Ads,4778,6013.463467693381
2025-01-07,Software Licenses,8889,9352.725508051166
2025-01-07,Office Rent,12704,16688.09929209119
2025-01-07,Travel Expenses,8197,8189.083171166348
2025-01-08,AWS Cloud Hosting,3396,4235.628773017246
2025-01-08,Marketing Ads,12857,12969.88487872126
2025-01-08,Software Licenses,13578,14404.72098321742
2025-01-08,Office Rent,4299,4316.55369653067
2025-01-08,Travel Expenses,11275,15212.03433171203
2025-01-09,AWS Cloud Hosting,14260,15691.9851203104
2025-01-09,Marketing Ads,10153,13323.84383026116
2025-01-09,Software Licenses,3115,3385.332718911402
2025-01-09,Office Rent,9474,10100.62214200598
2025-01-09,Travel Expenses,3610,3599.697018158664
2025-01-10,AWS Cloud Hosting,8839,8192.089516739634
2025-01-10,Marketing Ads,3776,4324.58202422576
2025-01-10,Software Licenses,5013,5494.971571781122
2025-01-10,Office Rent,9001,10165.43772049613
2025-01-10,Travel Expenses,12028,10517.71353422815
2025-01-11,AWS Cloud Hosting,6226,7933.219848915116
2025-01-11,Marketing Ads,7774,8849.394373424368
2025-01-11,Software Licenses,3495,3206.814242018073
2025-01-11,Office Rent,10562,11791.54043206823
2025-01-11,Travel Expenses,2800,2518.211156189584
2025-01-12,AWS Cloud Hosting,8653,10951.04239681698
2025-01-12,Marketing Ads,6673,6502.786604174828
2025-01-12,Software Licenses,8249,10733.17053752149
2025-01-12,Office Rent,3288,2869.03953851088
2025-01-12,Travel Expenses,3568,3674.774518634502
2025-01-13,AWS Cloud Hosting,9351,10513.52121229429
2025-01-13,Marketing Ads,2508,10513.52121229429
2025-01-13,Software Licenses,14106,17574.87905111488
2025-01-13,Office Rent,2523,3184.977173969875
2025-01-13,Travel Expenses,6424,7339.809074905449
2025-01-14,AWS Cloud Hosting,4270,4864.714064512565
2025-01-14,Marketing Ads,10251,9002.46515451544
2025-01-14,Software Licenses,5434,7106.529613502575
2025-01-14,Office Rent,10936,9623.183478333724
2025-01-14,Travel Expenses,13792,13374.35300876701
2025-01-15,AWS Cloud Hosting,3741,4115.569501840214
2025-01-15,Marketing Ads,10162,12946.3122785115
2025-01-15,Software Licenses,8605,8463.340505250135
2025-01-15,Office Rent,14819,12680.46005921258
2025-01-15,Travel Expenses,6185,6048.638728199907
2025-01-16,AWS Cloud Hosting,7315,6972.122154459787
2025-01-16,Marketing Ads,14148,15510.94346969277
2025-01-16,Software Licenses,3656,3617.265309945379
2025-01-16,Office Rent,14937,3617.265309945379
2025-01-16,Travel Expenses,14359,17677.46209063948
2025-01-17,AWS Cloud Hosting,13556,15904.57923199786
2025-01-17,Marketing Ads,8015,9974.644232044247
2025-01-17,Software Licenses,8265,8760.70094076147
2025-01-17,Office Rent,6061,7344.945170109644
2025-01-17,Travel Expenses,2225,2650.326093585973
2025-01-18,AWS Cloud Hosting,8339,7909.622649066652
2025-01-18,Marketing Ads,9723,9100.836055568947
2025-01-18,Software Licenses,5418,4824.349212652372
2025-01-18,Office Rent,3178,4824.349212652372
2025-01-18,Travel Expenses,11318,13874.56501248252
2025-01-19,AWS Cloud Hosting,12763,12730.70147959224
2025-01-19,Marketing Ads,6301,6208.335282104887
2025-01-19,Software Licenses,3256,4084.462287208161
2025-01-19,Office Rent,12333,4084.462287208161
2025-01-19,Travel Expenses,8228,8830.854540614293
2025-01-20,AWS Cloud Hosting,13784,17775.44082300529
2025-01-20,Marketing Ads,10718,12041.12629138865
2025-01-20,Software Licenses,5768,12041.12629138865
2025-01-20,Office Rent,14684,19561.51021116714
2025-01-20,Travel Expenses,2310,2342.487889902878
2025-01-21,AWS Cloud Hosting,7341,8819.895959786953
2025-01-21,Marketing Ads,11130,12228.57990742542
2025-01-21,Software Licenses,13166,17302.12951633216
2025-01-21,Office Rent,4522,4227.119262552335
2025-01-21,Travel Expenses,2480,3130.670936278283
2025-01-22,AWS Cloud Hosting,14020,16630.41992098737
2025-01-22,Marketing Ads,2598,3247.057031889937
2025-01-22,Software Licenses,11684,3247.057031889937
2025-01-22,Office Rent,10673,14394.49805263425
2025-01-22,Travel Expenses,4824,5483.944249946932
2025-01-23,AWS Cloud Hosting,6627,8450.763299443115
2025-01-23,Marketing Ads,13091,14540.17412429549
2025-01-23,Software Licenses,10300,10881.30811980306
2025-01-23,Office Rent,2329,2235.888468708222
2025-01-23,Travel Expenses,9533,9861.668435580477
2025-01-24,AWS Cloud Hosting,8382,8346.37140750257
2025-01-24,Marketing Ads,9766,8593.757152563356
2025-01-24,Software Licenses,11255,13287.05673071396
2025-01-24,Office Rent,6247,8388.417063133686
2025-01-24,Travel Expenses,6950,7159.523635996841
2025-01-25,AWS Cloud Hosting,14789,17021.0131953638
2025-01-25,Marketing Ads,4021,4039.436636688276
2025-01-25,Software Licenses,10065,9976.359171876464
2025-01-25,Office Rent,9407,10143.33356289765
2025-01-25,Travel Expenses,10912,12708.48865997748
2025-01-26,AWS Cloud Hosting,2528,2634.217813835606
2025-01-26,Marketing Ads,12349,10911.65149848788
2025-01-26,Software Licenses,3275,3926.342231160697
2025-01-26,Office Rent,4415,4204.571396110278
2025-01-26,Travel Expenses,13535,16732.28651006947
2025-01-27,AWS Cloud Hosting,5890,5289.092049393753
2025-01-27,Marketing Ads,9197,9919.369700456875
2025-01-27,Software Licenses,14008,12420.10790651574
2025-01-27,Office Rent,11171,12395.12628048274
2025-01-27,Travel Expenses,14499,15082.77488247848
2025-01-28,AWS Cloud Hosting,4851,5905.099049715013
2025-01-28,Marketing Ads,12332,10985.28791326788
2025-01-28,Software Licenses,4409,4447.795160753983
2025-01-28,Office Rent,14398,13500.55126124366
2025-01-28,Travel Expenses,7348,6356.261102317853
2025-01-29,AWS Cloud Hosting,10665,14300.68233957585
2025-01-29,Marketing Ads,11419,15353.68200594919
2025-01-29,Software Licenses,4254,15353.68200594919
2025-01-29,Office Rent,8906,10519.43654763646
2025-01-29,Travel Expenses,2722,3190.35168767171
2025-01-30,AWS Cloud Hosting,7421,3190.35168767171
2025-01-30,Marketing Ads,6345,7652.20263102236
2025-01-30,Software Licenses,14500,18828.34904873685
2025-01-30,Office Rent,12203,14770.52879559899
2025-01-30,Travel Expenses,13534,16156.45018980919
2025-01-31,AWS Cloud Hosting,5637,7020.248902031326
2025-01-31,Marketing Ads,10334,10071.71366636103
2025-01-31,Software Licenses,9412,10063.80464319946
2025-01-31,Office Rent,2861,2809.188674668839
2025-01-31,Travel Expenses,5632,5759.238905827463
2025-02-01,AWS Cloud Hosting,13104,16078.02379181229
2025-02-01,Marketing Ads,6537,6173.531442477602
2025-02-01,Software Licenses,8212,6173.531442477602
2025-02-01,Office Rent,6939,8705.424631426982
2025-02-01,Travel Expenses,13705,18054.96340749828
2025-02-02,AWS Cloud Hosting,11955,12540.28005782172
2025-02-02,Marketing Ads,4976,12540.28005782172
2025-02-02,Software Licenses,4574,4101.882693140845
2025-02-02,Office Rent,13535,15091.86070907043
2025-02-02,Travel Expenses,9747,8492.970067511646
2025-02-03,AWS Cloud Hosting,4054,4263.858843152358
2025-02-03,Marketing Ads,6737,6934.561025203487
2025-02-03,Software Licenses,9474,9190.18018124913
2025-02-03,Office Rent,7727,8169.87697556789
2025-02-03,Travel Expenses,9921,8666.717387195162
2025-02-04,AWS Cloud Hosting,2669,3050.570197558786
2025-02-04,Marketing Ads,4472,5197.480132578859
2025-02-04,Software Licenses,5342,6429.789564948862
2025-02-04,Office Rent,7333,6354.670353935343
2025-02-04,Travel Expenses,3396,3056.53280624366
2025-02-05,AWS Cloud Hosting,14086,17282.61909949207
2025-02-05,Marketing Ads,14698,18667.31847913699
2025-02-05,Software Licenses,4643,4895.905915972029
2025-02-05,Office Rent,13321,15105.13082436383
2025-02-05,Travel Expenses,10604,13442.38071543814
2025-02-06,AWS Cloud Hosting,14464,13442.38071543814
2025-02-06,Marketing Ads,4544,5473.504332269747
2025-02-06,Software Licenses,8287,10278.44487799063
2025-02-06,Office Rent,9992,11298.6529332064
2025-02-06,Travel Expenses,9887,10976.44979236271
2025-02-07,AWS Cloud Hosting,8557,11384.38544507496
2025-02-07,Marketing Ads,6090,8123.879298798344
2025-02-07,Software Licenses,2454,2336.315856387754
2025-02-07,Office Rent,7305,6397.418469081617
2025-02-07,Travel Expenses,11354,12455.83876204223
2025-02-08,AWS Cloud Hosting,5252,6458.510192687523
2025-02-08,Marketing Ads,7325,8994.51711520973
2025-02-08,Software Licenses,2990,3555.644694737976
2025-02-08,Office Rent,9363,8097.870111109523
2025-02-08,Travel Expenses,8506,10315.60111736492
2025-02-09,AWS Cloud Hosting,7481,9010.465802743704
2025-02-09,Marketing Ads,5132,6408.45973565777
2025-02-09,Software Licenses,12102,12620.5651683135
2025-02-09,Office Rent,8761,7588.358071728648
2025-02-09,Travel Expenses,3752,4448.773494636148
2025-02-10,AWS Cloud Hosting,14312,18600.05613297163
2025-02-10,Marketing Ads,8726,11066.57511089211
2025-02-10,Software Licenses,3095,3183.272977218528
2025-02-10,Office Rent,3791,4113.876211542032
2025-02-10,Travel Expenses,9934,11153.8921261498
2025-02-11,AWS Cloud Hosting,7549,9205.729524370992
2025-02-11,Marketing Ads,4023,5214.383479938861
2025-02-11,Software Licenses,4384,4421.932571059364
2025-02-11,Office Rent,11840,13680.62327154418
2025-02-11,Travel Expenses,3116,3736.721906905183
2025-02-12,AWS Cloud Hosting,5706,7249.020562946302
2025-02-12,Marketing Ads,12317,10733.68671101532
2025-02-12,Software Licenses,8757,11770.64803295976
2025-02-12,Office Rent,7273,6255.249390612507
2025-02-12,Travel Expenses,14656,16942.6565158253
2025-02-13,AWS Cloud Hosting,14216,15535.226209925
2025-02-13,Marketing Ads,8055,8925.285190899696
2025-02-13,Software Licenses,12271,16405.72618788549
2025-02-13,Office Rent,7454,7484.083344102058
2025-02-13,Travel Expenses,4605,5473.772281440073
2025-02-14,AWS Cloud Hosting,5467,6402.896280512387
2025-02-14,Marketing Ads,9486,10378.70520515515
2025-02-14,Software Licenses,10974,10225.66883462826
2025-02-14,Office Rent,11859,10466.44838494633
2025-02-14,Travel Expenses,13572,18260.70647275135
2025-02-15,AWS Cloud Hosting,6765,6062.830382512017
2025-02-15,Marketing Ads,11798,10486.40369552828
2025-02-15,Software Licenses,11063,13051.79842213673
2025-02-15,Office Rent,6338,8216.326633329201
2025-02-15,Travel Expenses,9618,9435.892938160276
2025-02-16,AWS Cloud Hosting,4408,5179.521615564228
2025-02-16,Marketing Ads,6333,8378.073343972228
2025-02-16,Software Licenses,13469,15466.20545019306
2025-02-16,Office Rent,11345,12740.77418244661
2025-02-16,Travel Expenses,13991,17683.07141046779
2025-02-17,AWS Cloud Hosting,11309,14681.69192162864
2025-02-17,Marketing Ads,8095,9614.338678641989
2025-02-17,Software Licenses,4398,3880.658618154571
2025-02-17,Office Rent,7713,7137.111869941071
2025-02-17,Travel Expenses,10612,9099.611253987496
2025-02-18,AWS Cloud Hosting,10831,9672.463605133304
2025-02-18,Marketing Ads,8988,11269.85468347738
2025-02-18,Software Licenses,11223,12395.45246291874
2025-02-18,Office Rent,13973,18698.41114960811
2025-02-18,Travel Expenses,14727,16259.09027849899
2025-02-19,AWS Cloud Hosting,12113,11523.30576746293
2025-02-19,Marketing Ads,4797,5324.812398692693
2025-02-19,Software Licenses,6467,6516.064146233264
2025-02-19,Office Rent,3522,4016.113973638176
2025-02-19,Travel Expenses,3535,3652.927374469803
2025-02-20,AWS Cloud Hosting,5280,5946.808027929623
2025-02-20,Marketing Ads,4179,3928.920357187679
2025-02-20,Software Licenses,5877,7248.173856166511
2025-02-20,Office Rent,5008,5616.526779194827
2025-02-20,Travel Expenses,7621,10277.70968676348
2025-02-21,AWS Cloud Hosting,4391,5403.56152540649
2025-02-21,Marketing Ads,10537,9346.636070854274
2025-02-21,Software Licenses,12323,16112.61561955375
2025-02-21,Office Rent,3146,3780.820329395102
2025-02-21,Travel Expenses,8363,10577.31737976157
2025-02-22,AWS Cloud Hosting,12783,13614.86223845768
2025-02-22,Marketing Ads,11842,10757.90097136581
2025-02-22,Software Licenses,9135,11415.4623422638
2025-02-22,Office Rent,11690,11732.77880827819
2025-02-22,Travel Expenses,3250,4060.14404579088
2025-02-23,AWS Cloud Hosting,5522,6826.673827386736
2025-02-23,Marketing Ads,14371,14041.26455283507
2025-02-23,Software Licenses,6974,7089.306240741405
2025-02-23,Office Rent,9885,10032.63422123959
2025-02-23,Travel Expenses,4439,5815.613200007227
2025-02-24,AWS Cloud Hosting,5772,6603.77541795433
2025-02-24,Marketing Ads,11879,15290.77476897157
2025-02-24,Software Licenses,4099,4683.2370063356
2025-02-24,Office Rent,3179,4175.956025806796
2025-02-24,Travel Expenses,5430,4814.564205565682
2025-02-25,AWS Cloud Hosting,8266,9223.678443198844
2025-02-25,Marketing Ads,13546,14691.17018103726
2025-02-25,Software Licenses,13446,16790.60054367004
2025-02-25,Office Rent,3748,3287.187331778568
2025-02-25,Travel Expenses,6721,6305.853309141614
2025-02-26,AWS Cloud Hosting,12251,16010.66270394745
2025-02-26,Marketing Ads,11273,14866.69195642621
2025-02-26,Software Licenses,6558,5681.172667580847
2025-02-26,Office Rent,3769,3517.920043975268
2025-02-26,Travel Expenses,5420,4877.348206724746
2025-02-27,AWS Cloud Hosting,3646,4091.551983443341
2025-02-27,Marketing Ads,13257,16288.76929408917
2025-02-27,Software Licenses,6100,5850.26120018743
2025-02-27,Office Rent,11728,14488.76426723315
2025-02-27,Travel Expenses,13866,15616.64000962717
2025-02-28,AWS Cloud Hosting,14085,17720.68739749274
2025-02-28,Marketing Ads,13676,14360.61529789735
2025-02-28,Software Licenses,9509,12546.71222319101
2025-02-28,Office Rent,5766,6101.286960526044
2025-02-28,Travel Expenses,3348,4001.557570131642
2025-03-01,AWS Cloud Hosting,11035,10427.938349745
2025-03-01,Marketing Ads,11266,11485.74418399405
2025-03-01,Software Licenses,8285,11485.74418399405
2025-03-01,Office Rent,14278,13437.75147715258
2025-03-01,Travel Expenses,6538,7690.394651169648
2025-03-02,AWS Cloud Hosting,5078,4804.248852202038
2025-03-02,Marketing Ads,10146,4804.248852202038
2025-03-02,Software Licenses,10384,9460.792329856442
2025-03-02,Office Rent,10630,12095.26229294124
2025-03-02,Travel Expenses,9072,12147.65371022285
2025-03-03,AWS Cloud Hosting,14149,18704.82598953188
2025-03-03,Marketing Ads,6555,5670.083368702408
2025-03-03,Software Licenses,5613,6842.972920702662
2025-03-03,Office Rent,3501,3935.242680377135
2025-03-03,Travel Expenses,3370,3935.242680377135
2025-03-04,AWS Cloud Hosting,10823,14206.92731501928
2025-03-04,Marketing Ads,13103,17302.81506648152
2025-03-04,Software Licenses,7679,7537.506864389044
2025-03-04,Office Rent,4728,4681.383289784065
2025-03-04,Travel Expenses,2975,2942.348392703373
2025-03-05,AWS Cloud Hosting,3353,2902.080657417339
2025-03-05,Marketing Ads,3040,3844.277283613778
2025-03-05,Software Licenses,13613,14825.87195697524
2025-03-05,Office Rent,6609,7104.04855075543
2025-03-05,Travel Expenses,5666,7489.274613415089
2025-03-06,AWS Cloud Hosting,5340,6487.902238338743
2025-03-06,Marketing Ads,12170,13567.14936041334
2025-03-06,Software Licenses,7610,9103.777934638993
2025-03-06,Office Rent,12833,15967.90511472659
2025-03-06,Travel Expenses,11416,13015.34070360831
2025-03-07,AWS Cloud Hosting,11519,9869.947384626252
2025-03-07,Marketing Ads,2328,3102.666295803861
2025-03-07,Software Licenses,3521,3527.073612419928
2025-03-07,Office Rent,5930,7019.922507869169
2025-03-07,Travel Expenses,10478,9169.837614585595
2025-03-08,AWS Cloud Hosting,9108,11654.93943663671
2025-03-08,Marketing Ads,3358,3966.828461509591
2025-03-08,Software Licenses,9250,3966.828461509591
2025-03-08,Office Rent,8655,9221.230737817641
2025-03-08,Travel Expenses,6951,8319.555197132426
2025-03-09,AWS Cloud Hosting,5671,5158.211945829366
2025-03-09,Marketing Ads,8826,8888.628098297802
2025-03-09,Software Licenses,9189,10550.49713979598
2025-03-09,Office Rent,14606,15688.33555473146
2025-03-09,Travel Expenses,6036,6399.860167473939
2025-03-10,AWS Cloud Hosting,4772,6125.856718508842
2025-03-10,Marketing Ads,10323,10177.31244072622
2025-03-10,Software Licenses,5725,5200.401631925394
2025-03-10,Office Rent,10804,14388.85101570936
2025-03-10,Travel Expenses,6189,7234.542368029426
2025-03-11,AWS Cloud Hosting,11277,12690.80205247877
2025-03-11,Marketing Ads,13908,12652.49013854413
2025-03-11,Software Licenses,14463,17986.25025019952
2025-03-11,Office Rent,12260,11792.43989006435
2025-03-11,Travel Expenses,3646,11792.43989006435
2025-03-12,AWS Cloud Hosting,13193,16760.75232274025
2025-03-12,Marketing Ads,14674,17612.4101228656
2025-03-12,Software Licenses,14421,16884.40547058894
2025-03-12,Office Rent,3659,4442.684773974134
2025-03-12,Travel Expenses,7609,8689.093482684462
2025-03-13,AWS Cloud Hosting,11831,15647.08628492778
2025-03-13,Marketing Ads,2238,2037.763747914432
2025-03-13,Software Licenses,12214,13009.48541117123
2025-03-13,Office Rent,2662,3440.280660827405
2025-03-13,Travel Expenses,12243,10867.07432380057
2025-03-14,AWS Cloud Hosting,11527,13573.52391302979
2025-03-14,Marketing Ads,7904,7112.063114610006
2025-03-14,Software Licenses,7407,6528.496246590501
2025-03-14,Office Rent,2061,2708.611831409892
2025-03-14,Travel Expenses,6192,7308.014239635331
2025-03-15,AWS Cloud Hosting,10585,12976.17087575482
2025-03-15,Marketing Ads,11874,12201.43710714011
2025-03-15,Software Licenses,6046,6383.677574897316
2025-03-15,Office Rent,8399,9960.386131982654
2025-03-15,Travel Expenses,13823,16154.59345456621
2025-03-16,AWS Cloud Hosting,12259,11594.11692345865
2025-03-16,Marketing Ads,4601,4706.062474867344
2025-03-16,Software Licenses,5023,5712.926938063006
2025-03-16,Office Rent,5913,7866.091917461365
2025-03-16,Travel Expenses,3316,3276.032248471844
2025-03-17,AWS Cloud Hosting,5393,5727.578585829933
2025-03-17,Marketing Ads,5569,6211.644534069314
2025-03-17,Software Licenses,9088,8094.002477694684
2025-03-17,Office Rent,7802,9892.972205547121
2025-03-17,Travel Expenses,9016,9892.972205547121
2025-03-18,AWS Cloud Hosting,2730,3116.659180883408
2025-03-18,Marketing Ads,3247,4060.487138531301
2025-03-18,Software Licenses,3444,2973.499686370533
2025-03-18,Office Rent,10089,10894.28963298799
2025-03-18,Travel Expenses,6909,10894.28963298799
2025-03-19,AWS Cloud Hosting,10140,10531.6189220798
2025-03-19,Marketing Ads,7815,7342.366396047774
2025-03-19,Software Licenses,5526,6367.392573523324
2025-03-19,Office Rent,8557,8698.299228812248
2025-03-19,Travel Expenses,4679,8698.299228812248
2025-03-20,AWS Cloud Hosting,10203,11333.42604223122
2025-03-20,Marketing Ads,11287,12111.40836402669
2025-03-20,Software Licenses,2741,3007.966534795073
2025-03-20,Office Rent,11645,11991.65118115639
2025-03-20,Travel Expenses,11354,15020.02952476351
2025-03-21,AWS Cloud Hosting,2291,15020.02952476351
2025-03-21,Marketing Ads,13767,13439.0851858934
2025-03-21,Software Licenses,13590,14648.34466821256
2025-03-21,Office Rent,14187,14853.57020628438
2025-03-21,Travel Expenses,12295,14168.9415352483
2025-03-22,AWS Cloud Hosting,12220,14910.94343975528
2025-03-22,Marketing Ads,5192,6915.894767091434
2025-03-22,Software Licenses,4046,4557.925457573202
2025-03-22,Office Rent,13271,12361.59847982251
2025-03-22,Travel Expenses,4733,5292.570405272878
2025-03-23,AWS Cloud Hosting,6511,7443.779258348117
2025-03-23,Marketing Ads,9465,8867.397925797155
2025-03-23,Software Licenses,7297,8090.623949687522
2025-03-23,Office Rent,14499,13531.79509374902
2025-03-23,Travel Expenses,3672,3879.598993277664
2025-03-24,AWS Cloud Hosting,6854,8260.62870597793
2025-03-24,Marketing Ads,14029,13638.11354994415
2025-03-24,Software Licenses,11984,11901.2142954453
2025-03-24,Office Rent,5649,5561.554028069192
2025-03-24,Travel Expenses,3941,4521.68252796599
2025-03-25,AWS Cloud Hosting,12759,11353.85727374611
2025-03-25,Marketing Ads,12542,15629.37036950911
2025-03-25,Software Licenses,11486,13201.58103858331
2025-03-25,Office Rent,8561,10394.44947477398
2025-03-25,Travel Expenses,7028,8416.575271515308
2025-03-26,AWS Cloud Hosting,9837,13152.6467167769
2025-03-26,Marketing Ads,7095,9451.606863853205
2025-03-26,Software Licenses,13784,9451.606863853205
2025-03-26,Office Rent,6794,6290.976868229091
2025-03-26,Travel Expenses,8621,9497.657413139092
2025-03-27,AWS Cloud Hosting,2284,3001.212593592265
2025-03-27,Marketing Ads,5869,5301.230685447688
2025-03-27,Software Licenses,9371,8387.103550283446
2025-03-27,Office Rent,8909,9019.850077223207
2025-03-27,Travel Expenses,14637,13364.33220861125
2025-03-28,AWS Cloud Hosting,5535,6759.182572583758
2025-03-28,Marketing Ads,5501,6327.528646279036
2025-03-28,Software Licenses,14100,17787.52104047503
2025-03-28,Office Rent,11606,13173.31301250542
2025-03-28,Travel Expenses,12873,16294.85076444863
2025-03-29,AWS Cloud Hosting,8151,9726.30758343065
2025-03-29,Marketing Ads,8716,9551.344602849573
2025-03-29,Software Licenses,13847,9551.344602849573
2025-03-29,Office Rent,6480,6726.376290309569
2025-03-29,Travel Expenses,2315,2578.285057386697
2025-03-30,AWS Cloud Hosting,3181,3958.554289075677
2025-03-30,Marketing Ads,14471,19231.06621623573
2025-03-30,Software Licenses,9361,8650.584190045294
2025-03-30,Office Rent,3559,4469.302770439883
2025-03-30,Travel Expenses,10772,11034.83882639815
2025-03-31,AWS Cloud Hosting,4393,4592.92056830904
2025-03-31,Marketing Ads,12387,15794.39643746342
2025-03-31,Software Licenses,10175,11138.66930888442
2025-03-31,Office Rent,13216,17758.20339416427
2025-03-31,Travel Expenses,13593,15030.2251143844
2025-04-01,AWS Cloud Hosting,14670,14289.58798627462
2025-04-01,Marketing Ads,12610,14475.25512315615
2025-04-01,Software Licenses,7824,10246.65241134931
2025-04-01,Office Rent,13628,12939.46324164511
2025-04-01,Travel Expenses,12491,12584.23012794094
2025-04-02,AWS Cloud Hosting,10584,11959.3024031252
2025-04-02,Marketing Ads,9625,8604.2397851059
2025-04-02,Software Licenses,14101,14518.00486325977
2025-04-02,Office Rent,14004,15686.29501931364
2025-04-02,Travel Expenses,7334,7278.170429999801
2025-04-03,AWS Cloud Hosting,13496,18158.15607643198
2025-04-03,Marketing Ads,13516,13738.33157918412
2025-04-03,Software Licenses,2691,2335.573766208184
2025-04-03,Office Rent,5463,5059.045288833246
2025-04-03,Travel Expenses,12165,16412.95682352364
2025-04-04,AWS Cloud Hosting,2461,3277.46293873685
2025-04-04,Marketing Ads,2994,3461.044654228114
2025-04-04,Software Licenses,4779,4946.17691188256
2025-04-04,Office Rent,11733,11597.33603536129
2025-04-04,Travel Expenses,6860,8084.506820985129
2025-04-05,AWS Cloud Hosting,5501,8084.506820985129
2025-04-05,Marketing Ads,3152,3530.190998389236
2025-04-05,Software Licenses,8543,8238.574664215028
2025-04-05,Office Rent,14519,13338.6428084036
2025-04-05,Travel Expenses,14407,14429.92434083833
2025-04-06,AWS Cloud Hosting,5524,6023.20406842789
2025-04-06,Marketing Ads,12224,13710.43093123689
2025-04-06,Software Licenses,13584,16870.22524172042
2025-04-06,Office Rent,8095,10692.50251983779
2025-04-06,Travel Expenses,2287,2004.619028275919
2025-04-07,AWS Cloud Hosting,10063,12086.68033615498
2025-04-07,Marketing Ads,3730,3218.024078540259
2025-04-07,Software Licenses,11883,13763.71148865757
2025-04-07,Office Rent,4871,4629.620175399993
2025-04-07,Travel Expenses,13580,15705.20961611546
2025-04-08,AWS Cloud Hosting,6588,7630.331928949135
2025-04-08,Marketing Ads,9982,11757.24589467304
2025-04-08,Software Licenses,13682,14809.12945248092
2025-04-08,Office Rent,14237,17691.40011239188
2025-04-08,Travel Expenses,14397,15333.9570229416
2025-04-09,AWS Cloud Hosting,11865,11405.01557301155
2025-04-09,Marketing Ads,11648,11120.20057381842
2025-04-09,Software Licenses,5321,6728.984898957758
2025-04-09,Office Rent,5759,6809.031365522216
2025-04-09,Travel Expenses,10139,11478.22148528839
2025-04-10,AWS Cloud Hosting,3765,3886.022787139756
2025-04-10,Marketing Ads,9645,11810.75435499743
2025-04-10,Software Licenses,13936,14486.65040518059
2025-04-10,Office Rent,5373,5468.142544026194
2025-04-10,Travel Expenses,3836,4057.774113049045
2025-04-11,AWS Cloud Hosting,14461,18438.80911810822
2025-04-11,Marketing Ads,12126,18438.80911810822
2025-04-11,Software Licenses,2087,2440.248235658939
2025-04-11,Office Rent,13919,15058.3756755306
2025-04-11,Travel Expenses,6673,8240.118804698586
2025-04-12,AWS Cloud Hosting,10131,12983.57337931598
2025-04-12,Marketing Ads,2370,2908.671133028019
2025-04-12,Software Licenses,8576,10646.77297771868
2025-04-12,Office Rent,9916,8730.452904995162
2025-04-12,Travel Expenses,7690,8572.70865062241
2025-04-13,AWS Cloud Hosting,13256,12761.1724012389
2025-04-13,Marketing Ads,11964,14967.34460456799
2025-04-13,Software Licenses,14015,15080.06835602112
2025-04-13,Office Rent,2218,2199.278459528183
2025-04-13,Travel Expenses,2890,2199.278459528183
2025-04-14,AWS Cloud Hosting,6934,8428.903485648267
2025-04-14,Marketing Ads,13348,16156.81217095249
2025-04-14,Software Licenses,4917,5854.054082768909
2025-04-14,Office Rent,11646,5854.054082768909
2025-04-14,Travel Expenses,4406,3751.870861038371
2025-04-15,AWS Cloud Hosting,14521,16684.29436389612
2025-04-15,Marketing Ads,9199,10477.98414170599
2025-04-15,Software Licenses,12005,12625.8620104054
2025-04-15,Office Rent,13809,18012.34296917363
2025-04-15,Travel Expenses,7064,7957.131917128167
2025-04-16,AWS Cloud Hosting,2204,2339.708062609848
2025-04-16,Marketing Ads,11395,14408.99093399236
2025-04-16,Software Licenses,12034,13852.73391342035
2025-04-16,Office Rent,9498,10187.31736788818
2025-04-16,Travel Expenses,6913,9317.3910628509
2025-04-17,AWS Cloud Hosting,14232,9317.3910628509
2025-04-17,Marketing Ads,5203,6305.85592866072
2025-04-17,Software Licenses,2225,1997.286873274099
2025-04-17,Office Rent,7336,7428.739973508823
2025-04-17,Travel Expenses,10217,12875.28150650486
2025-04-18,AWS Cloud Hosting,7924,9346.595855072857
2025-04-18,Marketing Ads,2886,3134.826404697017
2025-04-18,Software Licenses,6142,5625.704609188606
2025-04-18,Office Rent,5641,4809.592604959535
2025-04-18,Travel Expenses,12460,14664.1430822579
2025-04-19,AWS Cloud Hosting,5392,6087.345365111967
2025-04-19,Marketing Ads,4305,5789.263078698625
2025-04-19,Software Licenses,4390,4052.877711762501
2025-04-19,Office Rent,5073,4052.877711762501
2025-04-19,Travel Expenses,6319,5854.180516083605
2025-04-20,AWS Cloud Hosting,11507,11785.40698868919
2025-04-20,Marketing Ads,2519,2189.001280377032
2025-04-20,Software Licenses,12579,13132.53859349719
2025-04-20,Office Rent,8819,7963.87977616366
2025-04-20,Travel Expenses,8190,7461.496476995482
2025-04-21,AWS Cloud Hosting,11842,10878.17446095534
2025-04-21,Marketing Ads,2643,3487.042070553253
2025-04-21,Software Licenses,6750,7744.634434731423
2025-04-21,Office Rent,4341,4605.835970709289
2025-04-21,Travel Expenses,6984,6648.094033813614
2025-04-22,AWS Cloud Hosting,12237,13202.56958449009
2025-04-22,Marketing Ads,6521,6746.296760498945
2025-04-22,Software Licenses,7419,8569.232408150958
2025-04-22,Office Rent,5728,7003.360575021991
2025-04-22,Travel Expenses,7485,6379.983725184969
2025-04-23,AWS Cloud Hosting,4767,4356.409927011527
2025-04-23,Marketing Ads,13005,13194.00403339246
2025-04-23,Software Licenses,8874,9372.747762820807
2025-04-23,Office Rent,12877,16997.5907053574
2025-04-23,Travel Expenses,12853,13236.65719500442
2025-04-24,AWS Cloud Hosting,11097,13646.05397179922
2025-04-24,Marketing Ads,14420,13646.05397179922
2025-04-24,Software Licenses,6137,6667.051896470302
2025-04-24,Office Rent,6946,6276.121502555638
2025-04-24,Travel Expenses,12108,10792.40876869399
2025-04-25,AWS Cloud Hosting,3826,5100.707965433628
2025-04-25,Marketing Ads,13610,16079.17799708696
2025-04-25,Software Licenses,6252,7697.942140927106
2025-04-25,Office Rent,5075,4389.855703271479
2025-04-25,Travel Expenses,7083,7480.964845490172
2025-04-26,AWS Cloud Hosting,6977,9032.04401062139
2025-04-26,Marketing Ads,11656,13142.1602997463
2025-04-26,Software Licenses,5939,6426.039739494204
2025-04-26,Office Rent,10901,13288.06767990554
2025-04-26,Travel Expenses,8207,7063.625351839815
2025-04-27,AWS Cloud Hosting,12909,12993.94305457573
2025-04-27,Marketing Ads,13259,15770.14804496795
2025-04-27,Software Licenses,8721,15770.14804496795
2025-04-27,Office Rent,12123,15067.53851520253
2025-04-27,Travel Expenses,5524,6211.88793220578
2025-04-28,AWS Cloud Hosting,12378,13682.82377431678
2025-04-28,Marketing Ads,4840,5191.929715697582
2025-04-28,Software Licenses,10594,11187.0999906366
2025-04-28,Office Rent,9478,11448.90677787704
2025-04-28,Travel Expenses,5911,11448.90677787704
2025-04-29,AWS Cloud Hosting,2889,2591.906432540017
2025-04-29,Marketing Ads,4919,2591.906432540017
2025-04-29,Software Licenses,3051,3197.868544933436
2025-04-29,Office Rent,7812,8428.219546225706
2025-04-29,Travel Expenses,10083,12305.81473193118
2025-04-30,AWS Cloud Hosting,13213,16698.29598063197
2025-04-30,Marketing Ads,14554,16482.68266919686
2025-04-30,Software Licenses,8869,7895.513995854285
2025-04-30,Office Rent,12044,14611.21563805111
2025-04-30,Travel Expenses,5140,6270.388907129616
2025-05-01,AWS Cloud Hosting,14050,14645.26708264711
2025-05-01,Marketing Ads,4394,4472.355812745104
2025-05-01,Software Licenses,14137,16749.0824183072
2025-05-01,Office Rent,6619,7229.510331045329
2025-05-01,Travel Expenses,9601,10719.21448244766
2025-05-02,AWS Cloud Hosting,2685,2781.324558897086
2025-05-02,Marketing Ads,13238,12110.37971476519
2025-05-02,Software Licenses,3548,4667.294302415103
2025-05-02,Office Rent,14892,15024.18222280576
2025-05-02,Travel Expenses,11208,13973.43837586927
2025-05-03,AWS Cloud Hosting,7145,9252.514177168097
2025-05-03,Marketing Ads,13157,14378.84733177193
2025-05-03,Software Licenses,7234,6617.106581760981
2025-05-03,Office Rent,10204,11272.77111330117
2025-05-03,Travel Expenses,8350,9999.02223251968
2025-05-04,AWS Cloud Hosting,4254,4808.146759942708
2025-05-04,Marketing Ads,13959,4808.146759942708
2025-05-04,Software Licenses,4900,4465.214729016359
2025-05-04,Office Rent,13529,11735.52560858663
2025-05-04,Travel Expenses,7236,7505.441610783475
2025-05-05,AWS Cloud Hosting,7600,8906.753274997185
2025-05-05,Marketing Ads,12247,12067.00067994817
2025-05-05,Software Licenses,13576,12174.35358686627
2025-05-05,Office Rent,6059,7153.278777010331
2025-05-05,Travel Expenses,9313,9680.713869630803
2025-05-06,AWS Cloud Hosting,13952,15815.41761979419
2025-05-06,Marketing Ads,2660,3544.993133501996
2025-05-06,Software Licenses,10372,11255.45668184037
2025-05-06,Office Rent,3309,4237.505289491817
2025-05-06,Travel Expenses,10134,10443.27960450574
2025-05-07,AWS Cloud Hosting,3046,3459.951956923456
2025-05-07,Marketing Ads,7687,9524.761550545058
2025-05-07,Software Licenses,9533,10722.04228689158
2025-05-07,Office Rent,6102,6539.08740117946
2025-05-07,Travel Expenses,4112,3754.354548252024
2025-05-08,AWS Cloud Hosting,2682,3389.611690144867
2025-05-08,Marketing Ads,2173,2583.376283242628
2025-05-08,Software Licenses,5335,5587.077442343098
2025-05-08,Office Rent,3556,3723.900881971529
2025-05-08,Travel Expenses,12582,15668.5820516065
2025-05-09,AWS Cloud Hosting,3058,2733.739038493188
2025-05-09,Marketing Ads,6657,6028.137154198126
2025-05-09,Software Licenses,2511,2745.239152179341
2025-05-09,Office Rent,9410,11204.61996796147
2025-05-09,Travel Expenses,2154,2780.149484326167
2025-05-10,AWS Cloud Hosting,5895,7869.62161823279
2025-05-10,Marketing Ads,11892,15922.43086290958
2025-05-10,Software Licenses,14915,13229.08718375881
2025-05-10,Office Rent,9523,8770.648882700763
2025-05-10,Travel Expenses,14281,17921.78036945578
2025-05-11,AWS Cloud Hosting,4063,5253.8355501141
2025-05-11,Marketing Ads,11025,9487.104224120161
2025-05-11,Software Licenses,10341,9487.104224120161
2025-05-11,Office Rent,3510,3138.927516148886
2025-05-11,Travel Expenses,13936,12799.65545450239
2025-05-12,AWS Cloud Hosting,9682,9502.059389965683
2025-05-12,Marketing Ads,3375,3882.020645609747
2025-05-12,Software Licenses,10903,13790.00106970022
2025-05-12,Office Rent,8761,10103.35012416238
2025-05-12,Travel Expenses,7690,9305.802244458515
2025-05-13,AWS Cloud Hosting,10332,12617.74692971557
2025-05-13,Marketing Ads,4284,5760.610089163106
2025-05-13,Software Licenses,3599,3484.170248275257
2025-05-13,Office Rent,14409,18233.6655726885
2025-05-13,Travel Expenses,6490,5905.286863437325
2025-05-14,AWS Cloud Hosting,4466,5768.178930871602
2025-05-14,Marketing Ads,8363,5768.178930871602
2025-05-14,Software Licenses,5468,5542.175973399574
2025-05-14,Office Rent,2555,3245.833857687386
2025-05-14,Travel Expenses,10192,9817.807926439453
2025-05-15,AWS Cloud Hosting,9728,12358.42221681767
2025-05-15,Marketing Ads,6027,8114.206079528902
2025-05-15,Software Licenses,10706,9219.585382827727
2025-05-15,Office Rent,11413,12218.28829772661
2025-05-15,Travel Expenses,5211,4907.439172634608
2025-05-16,AWS Cloud Hosting,6744,6028.310936979969
2025-05-16,Marketing Ads,14029,17182.4795723692
2025-05-16,Software Licenses,12804,12274.94411612328
2025-05-16,Office Rent,9334,8889.002693723674
2025-05-16,Travel Expenses,4539,5962.262647875329
2025-05-17,AWS Cloud Hosting,13478,5962.262647875329
2025-05-17,Marketing Ads,7110,8484.947855894638
2025-05-17,Software Licenses,14179,18755.4311722324
2025-05-17,Office Rent,9311,8688.104052860488
2025-05-17,Travel Expenses,5315,8688.104052860488
2025-05-18,AWS Cloud Hosting,2883,3095.139780881704
2025-05-18,Marketing Ads,4135,3588.651719224074
2025-05-18,Software Licenses,5563,3588.651719224074
2025-05-18,Office Rent,5476,7083.657335439146
2025-05-18,Travel Expenses,14557,17245.66514953788
2025-05-19,AWS Cloud Hosting,6068,7745.376562780868
2025-05-19,Marketing Ads,6667,6580.891521559311
2025-05-19,Software Licenses,3072,3096.509273431433
2025-05-19,Office Rent,2022,2037.41414295467
2025-05-19,Travel Expenses,11980,16044.02719519713
2025-05-20,AWS Cloud Hosting,8753,8197.423286254887
2025-05-20,Marketing Ads,12882,14696.45733985577
2025-05-20,Software Licenses,8162,10163.43536044325
2025-05-20,Office Rent,2734,3679.462566800797
2025-05-20,Travel Expenses,13047,15944.11791059856
2025-05-21,AWS Cloud Hosting,6857,8926.571781130686
2025-05-21,Marketing Ads,13479,16262.06527740266
2025-05-21,Software Licenses,12932,12928.64549053264
2025-05-21,Office Rent,14959,14972.9469578016
2025-05-21,Travel Expenses,4302,4337.638706497969
2025-05-22,AWS Cloud Hosting,5340,4546.750910491
2025-05-22,Marketing Ads,11684,10118.24639030621
2025-05-22,Software Licenses,4766,4671.198783392643
2025-05-22,Office Rent,11760,14486.94851274257
2025-05-22,Travel Expenses,2470,2159.640868167831
2025-05-23,AWS Cloud Hosting,6310,7652.36163975114
2025-05-23,Marketing Ads,6346,8528.22555752525
2025-05-23,Software Licenses,3662,3620.563671541413
2025-05-23,Office Rent,4559,5538.983383625949
2025-05-23,Travel Expenses,4775,4704.72239374264
2025-05-24,AWS Cloud Hosting,9549,10833.56138923368
2025-05-24,Marketing Ads,10363,9148.8120409398
2025-05-24,Software Licenses,7986,9148.8120409398
2025-05-24,Office Rent,12009,15715.63051966579
2025-05-24,Travel Expenses,3503,3686.333074859246
2025-05-25,AWS Cloud Hosting,10911,13643.65557442155
2025-05-25,Marketing Ads,13641,12083.1973069026
2025-05-25,Software Licenses,6219,7253.455432844583
2025-05-25,Office Rent,13444,12965.88382669887
2025-05-25,Travel Expenses,2749,2448.549050564019
2025-05-26,AWS Cloud Hosting,13313,16729.60542861999
2025-05-26,Marketing Ads,3829,3907.685883618159
2025-05-26,Software Licenses,14768,17575.41680923987
2025-05-26,Office Rent,14623,13746.57509357284
2025-05-26,Travel Expenses,3854,4172.278022257897
2025-05-27,AWS Cloud Hosting,9465,4172.278022257897
2025-05-27,Marketing Ads,5235,5515.122183032256
2025-05-27,Software Licenses,13777,13832.46667976531
2025-05-27,Office Rent,7917,10331.00732308021
2025-05-27,Travel Expenses,9140,8282.595299231169
2025-05-28,AWS Cloud Hosting,10218,13167.31730362178
2025-05-28,Marketing Ads,5563,4785.229634096239
2025-05-28,Software Licenses,10404,12249.74943978071
2025-05-28,Office Rent,4672,4257.723464183277
2025-05-28,Travel Expenses,12152,10713.76609256696
2025-05-29,AWS Cloud Hosting,4364,4066.939062417081
2025-05-29,Marketing Ads,11025,11779.74972793624
2025-05-29,Software Licenses,6035,7764.349679504442
2025-05-29,Office Rent,4710,5029.61065569879
2025-05-29,Travel Expenses,3323,4223.219695017967
2025-05-30,AWS Cloud Hosting,4415,4178.498146754271
2025-05-30,Marketing Ads,3659,4178.498146754271
2025-05-30,Software Licenses,4490,5219.598290635942
2025-05-30,Office Rent,7644,7755.788505799698
2025-05-30,Travel Expenses,14234,13117.38062419832
2025-05-31,AWS Cloud Hosting,6656,6516.627752517381
2025-05-31,Marketing Ads,11856,12144.10379664961
2025-05-31,Software Licenses,12602,15440.85149378007
2025-05-31,Office Rent,9195,12021.47165822513
2025-05-31,Travel Expenses,2864,3591.563293988198
2025-06-01,AWS Cloud Hosting,14309,17725.80978583742
2025-06-01,Marketing Ads,7728,10349.09041188713
2025-06-01,Software Licenses,3374,10349.09041188713
2025-06-01,Office Rent,2365,2015.398903632618
2025-06-01,Travel Expenses,13291,16722.95151168004
2025-06-02,AWS Cloud Hosting,13482,16722.95151168004
2025-06-02,Marketing Ads,8683,7444.803006564192
2025-06-02,Software Licenses,5048,5636.853503875037
2025-06-02,Office Rent,3956,3753.167097897613
2025-06-02,Travel Expenses,4319,4354.951906275244
2025-06-03,AWS Cloud Hosting,12906,11303.42068752903
2025-06-03,Marketing Ads,9138,11689.1003183707
2025-06-03,Software Licenses,10916,12312.81825975997
2025-06-03,Office Rent,13698,12774.95057913355
2025-06-03,Travel Expenses,3684,4295.500549503571
2025-06-04,AWS Cloud Hosting,6174,7459.082473665051
2025-06-04,Marketing Ads,6082,7975.427424168743
2025-06-04,Software Licenses,3259,4118.127975183687
2025-06-04,Office Rent,3591,3664.194366972205
2025-06-04,Travel Expenses,2116,2122.020468553646
2025-06-05,AWS Cloud Hosting,10996,12570.40658494088
2025-06-05,Marketing Ads,6060,7922.546000644676
2025-06-05,Software Licenses,12147,10893.4015320241
2025-06-05,Office Rent,5918,7693.983291044955
2025-06-05,Travel Expenses,4116,4173.181923854356
2025-06-06,AWS Cloud Hosting,4911,4179.880523189006
2025-06-06,Marketing Ads,11436,10802.26450893593
2025-06-06,Software Licenses,5801,6361.549291256558
2025-06-06,Office Rent,6582,7052.636683238163
2025-06-06,Travel Expenses,8584,9104.339489210552
2025-06-07,AWS Cloud Hosting,8544,8349.783130720894
2025-06-07,Marketing Ads,2889,3245.391427425983
2025-06-07,Software Licenses,7536,7420.354655417525
2025-06-07,Office Rent,4288,4949.607127953934
2025-06-07,Travel Expenses,14816,13405.11092879495
2025-06-08,AWS Cloud Hosting,3937,4789.073740173556
2025-06-08,Marketing Ads,10574,9685.230898094602
2025-06-08,Software Licenses,3752,3524.746105046442
2025-06-08,Office Rent,10797,9747.506348017501
2025-06-08,Travel Expenses,10754,13275.67276726841
2025-06-09,AWS Cloud Hosting,2290,2331.149705216123
2025-06-09,Marketing Ads,7917,8682.219050352986
2025-06-09,Software Licenses,8568,7344.274087126254
2025-06-09,Office Rent,8466,10239.14666608751
2025-06-09,Travel Expenses,8071,7009.989361180686
2025-06-10,AWS Cloud Hosting,14735,17599.19287775907
2025-06-10,Marketing Ads,6814,7911.160247925296
2025-06-10,Software Licenses,13195,16407.52477560782
2025-06-10,Office Rent,7960,10489.22010288723
2025-06-10,Travel Expenses,7726,8274.071392450463
2025-06-11,AWS Cloud Hosting,8329,10209.95160645377
2025-06-11,Marketing Ads,9392,11973.26793286655
2025-06-11,Software Licenses,6010,6941.139042599199
2025-06-11,Office Rent,7149,9423.594750626527
2025-06-11,Travel Expenses,2243,2523.844009217919
2025-06-12,AWS Cloud Hosting,7590,2523.844009217919
2025-06-12,Marketing Ads,14507,15498.42233294324
2025-06-12,Software Licenses,2275,2983.528501191272
2025-06-12,Office Rent,12683,13802.46207609631
2025-06-12,Travel Expenses,11778,13802.46207609631
2025-06-13,AWS Cloud Hosting,9650,11842.22321784308
2025-06-13,Marketing Ads,5155,4693.134081430909
2025-06-13,Software Licenses,8842,9810.355508759829
2025-06-13,Office Rent,2899,3223.815827859061
2025-06-13,Travel Expenses,3736,3204.83098066569
2025-06-14,AWS Cloud Hosting,5103,6146.140766239932
2025-06-14,Marketing Ads,3763,6146.140766239932
2025-06-14,Software Licenses,13182,15901.10522671226
2025-06-14,Office Rent,11655,13339.43598682807
2025-06-14,Travel Expenses,8737,10376.88240624638
2025-06-15,AWS Cloud Hosting,4076,5162.757321682934
2025-06-15,Marketing Ads,11601,13286.43487544743
2025-06-15,Software Licenses,12542,15564.16392223583
2025-06-15,Office Rent,12615,16626.22381727262
2025-06-15,Travel Expenses,12084,12637.53746455272
2025-06-16,AWS Cloud Hosting,4529,5011.680411125481
2025-06-16,Marketing Ads,7756,9742.378807594703
2025-06-16,Software Licenses,6237,5746.893954756751
2025-06-16,Office Rent,11754,10667.17083662009
2025-06-16,Travel Expenses,12306,16277.46255475633
2025-06-17,AWS Cloud Hosting,3003,3010.474237314241
2025-06-17,Marketing Ads,5922,6580.199488333829
2025-06-17,Software Licenses,5783,5619.323268901514
2025-06-17,Office Rent,11489,11550.22809775074
2025-06-17,Travel Expenses,9411,10188.35334432266
2025-06-18,AWS Cloud Hosting,12549,13265.97932580396
2025-06-18,Marketing Ads,14139,17999.82757627198
2025-06-18,Software Licenses,3659,4662.242103260717
2025-06-18,Office Rent,7860,8504.419450123192
2025-06-18,Travel Expenses,2566,8504.419450123192
2025-06-19,AWS Cloud Hosting,11043,13796.40681678536
2025-06-19,Marketing Ads,11290,11499.72709800035
2025-06-19,Software Licenses,8396,8684.051109845614
2025-06-19,Office Rent,14338,15313.96308072706
2025-06-19,Travel Expenses,12628,15821.22014545411
2025-06-20,AWS Cloud Hosting,11804,10694.18116902784
2025-06-20,Marketing Ads,8774,11017.25440940174
2025-06-20,Software Licenses,11778,13012.17749060681
2025-06-20,Office Rent,10728,13967.17782455661
2025-06-20,Travel Expenses,3130,13967.17782455661
2025-06-21,AWS Cloud Hosting,5766,5024.801766691919
2025-06-21,Marketing Ads,8916,9861.917934131823
2025-06-21,Software Licenses,13396,13798.45266076773
2025-06-21,Office Rent,8741,7967.074490376669
2025-06-21,Travel Expenses,8274,7437.105357422761
2025-06-22,AWS Cloud Hosting,8870,8589.308039179075
2025-06-22,Marketing Ads,7379,8343.7128215093
2025-06-22,Software Licenses,9061,8007.821847085132
2025-06-22,Office Rent,7855,8913.993497248995
2025-06-22,Travel Expenses,8331,7363.483785279373
2025-06-23,AWS Cloud Hosting,13386,14441.15011729777
2025-06-23,Marketing Ads,8793,10809.2155895487
2025-06-23,Software Licenses,10322,9334.029845931342
2025-06-23,Office Rent,4947,6083.810079100773
2025-06-23,Travel Expenses,6648,6093.142006271844
2025-06-24,AWS Cloud Hosting,12784,16614.51611420983
2025-06-24,Marketing Ads,8879,11766.86703403675
2025-06-24,Software Licenses,4916,5976.22412539273
2025-06-24,Office Rent,6379,5562.352717291406
2025-06-24,Travel Expenses,6133,7639.742240903323
2025-06-25,AWS Cloud Hosting,10027,13244.1005039913
2025-06-25,Marketing Ads,10083,11440.90645071069
2025-06-25,Software Licenses,7389,7451.156998465399
2025-06-25,Office Rent,11126,14106.67054482015
2025-06-25,Travel Expenses,7746,9616.925102006428
2025-06-26,AWS Cloud Hosting,11885,15859.84463965977
2025-06-26,Marketing Ads,14776,19459.75460505102
2025-06-26,Software Licenses,5186,4620.381378765566
2025-06-26,Office Rent,8898,4620.381378765566
2025-06-26,Travel Expenses,3522,3697.920359757383
2025-06-27,AWS Cloud Hosting,14879,18312.7518125495
2025-06-27,Marketing Ads,10857,14478.79497255542
2025-06-27,Software Licenses,3735,14478.79497255542
2025-06-27,Office Rent,9884,9757.887434975619
2025-06-27,Travel Expenses,7406,9168.900211986875
2025-06-28,AWS Cloud Hosting,7155,8837.636196428077
2025-06-28,Marketing Ads,9310,8837.636196428077
2025-06-28,Software Licenses,9541,11041.49461296179
2025-06-28,Office Rent,2337,2086.757182185985
2025-06-28,Travel Expenses,6859,7502.633268939677
2025-06-29,AWS Cloud Hosting,13324,15873.3855424487
2025-06-29,Marketing Ads,7021,8052.354786363701
2025-06-29,Software Licenses,6717,8971.848911290293
2025-06-29,Office Rent,5485,4814.672165722764
2025-06-29,Travel Expenses,7845,10333.84345187359
2025-06-30,AWS Cloud Hosting,14281,13967.16509099364
2025-06-30,Marketing Ads,4379,4786.147964861997
2025-06-30,Software Licenses,8084,9816.65140973959
2025-06-30,Office Rent,5139,6045.756137474653
2025-06-30,Travel Expenses,7675,9328.51667494838
2025-07-01,AWS Cloud Hosting,3598,3323.917941493345
2025-07-01,Marketing Ads,6855,8006.681138902763
2025-07-01,Software Licenses,2982,3856.897062310226
2025-07-01,Office Rent,10262,9384.691907943095
2025-07-01,Travel Expenses,5016,6272.00740191761
2025-07-02,AWS Cloud Hosting,8829,11627.69732257162
2025-07-02,Marketing Ads,13502,16125.93796767891
2025-07-02,Software Licenses,14202,14873.85795151771
2025-07-02,Office Rent,11590,15110.57268893306
2025-07-02,Travel Expenses,3338,4381.044708074294
2025-07-03,AWS Cloud Hosting,6994,8858.976908109928
2025-07-03,Marketing Ads,8370,8455.97800272435
2025-07-03,Software Licenses,6239,6691.152053034184
2025-07-03,Office Rent,12625,13821.95648116742
2025-07-03,Travel Expenses,7895,6857.205775028838
2025-07-04,AWS Cloud Hosting,7707,10246.44358740329
2025-07-04,Marketing Ads,9496,9537.575516838924
2025-07-04,Software Licenses,4870,5788.833224306572
2025-07-04,Office Rent,4816,4524.952457927985
2025-07-04,Travel Expenses,3307,3641.58225796162
2025-07-05,AWS Cloud Hosting,6317,5584.001954444395
2025-07-05,Marketing Ads,12437,12754.54673444592
2025-07-05,Software Licenses,11644,12699.71172129264
2025-07-05,Office Rent,13947,15219.71164953125
2025-07-05,Travel Expenses,6869,7431.591832486653
2025-07-06,AWS Cloud Hosting,13588,7431.591832486653
2025-07-06,Marketing Ads,8635,8333.975642012865
2025-07-06,Software Licenses,3408,4308.263046724638
2025-07-06,Office Rent,2214,1987.983321455612
2025-07-06,Travel Expenses,5777,5160.93198666908
2025-07-07,AWS Cloud Hosting,6124,5841.683896759981
2025-07-07,Marketing Ads,2709,3429.69363548401
2025-07-07,Software Licenses,4260,3429.69363548401
2025-07-07,Office Rent,7999,7516.533802425985
2025-07-07,Travel Expenses,13639,13686.47625608425
2025-07-08,AWS Cloud Hosting,11869,14427.94570830573
2025-07-08,Marketing Ads,6496,6551.339519146618
2025-07-08,Software Licenses,9898,6551.339519146618
2025-07-08,Office Rent,3395,3652.279079467546
2025-07-08,Travel Expenses,9468,12648.69315309241
2025-07-09,AWS Cloud Hosting,10151,11689.49231585294
2025-07-09,Marketing Ads,12862,15763.05381929958
2025-07-09,Software Licenses,11653,13061.49648528993
2025-07-09,Office Rent,6854,7770.960075055602
2025-07-09,Travel Expenses,6211,6204.66931077658
2025-07-10,AWS Cloud Hosting,4061,4062.675310838426
2025-07-10,Marketing Ads,2981,2786.593283117156
2025-07-10,Software Licenses,13761,12429.46466137564
2025-07-10,Office Rent,7505,8168.527549791003
2025-07-10,Travel Expenses,13747,13380.22586870818
2025-07-11,AWS Cloud Hosting,8781,10301.45739749273
2025-07-11,Marketing Ads,13146,15583.80102093694
2025-07-11,Software Licenses,6205,7024.037343101691
2025-07-11,Office Rent,4601,5286.445548747976
2025-07-11,Travel Expenses,6125,5286.445548747976
2025-07-12,AWS Cloud Hosting,7596,8938.147721406547
2025-07-12,Marketing Ads,13366,15670.30337211808
2025-07-12,Software Licenses,4508,5934.085736488615
2025-07-12,Office Rent,6617,5934.085736488615
2025-07-12,Travel Expenses,8682,7552.115041398825
2025-07-13,AWS Cloud Hosting,7511,8650.683126162045
2025-07-13,Marketing Ads,14969,13006.7082785993
2025-07-13,Software Licenses,3682,3665.688499524119
2025-07-13,Office Rent,11691,11351.92414325112
2025-07-13,Travel Expenses,8911,8107.813252912842
2025-07-14,AWS Cloud Hosting,5495,6963.604460295745
2025-07-14,Marketing Ads,10102,8714.213048290974
2025-07-14,Software Licenses,10435,13761.93364107171
2025-07-14,Office Rent,10011,11731.08615255251
2025-07-14,Travel Expenses,14996,17475.59278178544
2025-07-15,AWS Cloud Hosting,12929,14446.33429177043
2025-07-15,Marketing Ads,3223,2905.918844612369
2025-07-15,Software Licenses,4564,2905.918844612369
2025-07-15,Office Rent,13482,11513.03000981483
2025-07-15,Travel Expenses,3337,4220.837551229707
2025-07-16,AWS Cloud Hosting,10252,11619.74968875263
2025-07-16,Marketing Ads,11709,12599.98364535265
2025-07-16,Software Licenses,8696,8124.675940470492
2025-07-16,Office Rent,3924,4411.161664320786
2025-07-16,Travel Expenses,12371,10526.18188443097
2025-07-17,AWS Cloud Hosting,3836,3305.304468429866
2025-07-17,Marketing Ads,11661,13229.52386985837
2025-07-17,Software Licenses,5568,13229.52386985837
2025-07-17,Office Rent,9380,10685.16695032229
2025-07-17,Travel Expenses,7190,7215.597569812174
2025-07-18,AWS Cloud Hosting,7674,8844.997966202347
2025-07-18,Marketing Ads,3782,4760.827373155365
2025-07-18,Software Licenses,14768,19801.78094348015
2025-07-18,Office Rent,10011,12928.80626018091
2025-07-18,Travel Expenses,10208,11258.95985634256
2025-07-19,AWS Cloud Hosting,12961,15746.30552303528
2025-07-19,Marketing Ads,10430,9895.556474664298
2025-07-19,Software Licenses,9196,11150.74443592228
2025-07-19,Office Rent,4378,4426.348937268066
2025-07-19,Travel Expenses,5428,5274.455822827442
2025-07-20,AWS Cloud Hosting,10993,12298.45154451667
2025-07-20,Marketing Ads,7810,7594.150556410693
2025-07-20,Software Licenses,10951,13569.8496199328
2025-07-20,Office Rent,9694,11916.18309885148
2025-07-20,Travel Expenses,3796,3945.417459407986
2025-07-21,AWS Cloud Hosting,5919,6746.70832904636
2025-07-21,Marketing Ads,13955,13745.50042620438
2025-07-21,Software Licenses,6759,8800.766641032282
2025-07-21,Office Rent,5631,6209.585344402683
2025-07-21,Travel Expenses,6863,6870.018497233321
2025-07-22,AWS Cloud Hosting,14866,16823.35170200773
2025-07-22,Marketing Ads,5853,6381.704397180501
2025-07-22,Software Licenses,2626,3408.641196241919
2025-07-22,Office Rent,12565,11718.44843655356
2025-07-22,Travel Expenses,14172,13506.45055691781
2025-07-23,AWS Cloud Hosting,5814,7021.535311357214
2025-07-23,Marketing Ads,8277,10076.32016782172
2025-07-23,Software Licenses,8025,10086.64999752656
2025-07-23,Office Rent,6637,6635.757316204007
2025-07-23,Travel Expenses,9268,6635.757316204007
2025-07-24,AWS Cloud Hosting,3025,3418.634127008096
2025-07-24,Marketing Ads,4404,4855.172276619821
2025-07-24,Software Licenses,4052,3949.351737361401
2025-07-24,Office Rent,13503,12102.91514105868
2025-07-24,Travel Expenses,9071,9112.972468894583
2025-07-25,AWS Cloud Hosting,8945,10202.41946560929
2025-07-25,Marketing Ads,5906,7377.76178055615
2025-07-25,Software Licenses,8741,9818.497661750267
2025-07-25,Office Rent,6827,6326.885395159833
2025-07-25,Travel Expenses,9682,8549.558081697853
2025-07-26,AWS Cloud Hosting,14347,15092.97039530134
2025-07-26,Marketing Ads,4665,5303.056807060357
2025-07-26,Software Licenses,8384,9006.353269445968
2025-07-26,Office Rent,11777,15290.58380589586
2025-07-26,Travel Expenses,6785,5826.055440582709
2025-07-27,AWS Cloud Hosting,4876,6127.952812914569
2025-07-27,Marketing Ads,3363,3659.49053224904
2025-07-27,Software Licenses,11673,12185.74656119659
2025-07-27,Office Rent,5216,5501.981176199702
2025-07-27,Travel Expenses,5720,5331.885692231484
2025-07-28,AWS Cloud Hosting,3678,4901.694963173733
2025-07-28,Marketing Ads,14486,14862.45070990737
2025-07-28,Software Licenses,3614,3892.668546570959
2025-07-28,Office Rent,10605,9808.256397797019
2025-07-28,Travel Expenses,8258,10318.04391615394
2025-07-29,AWS Cloud Hosting,2370,2899.441586637551
2025-07-29,Marketing Ads,10195,2899.441586637551
2025-07-29,Software Licenses,8075,10610.33543546037
2025-07-29,Office Rent,12910,14129.60351373651
2025-07-29,Travel Expenses,7636,9235.533637557412
2025-07-30,AWS Cloud Hosting,6384,7320.102333510601
2025-07-30,Marketing Ads,2560,7320.102333510601
2025-07-30,Software Licenses,4450,5534.789522198474
2025-07-30,Office Rent,12143,13676.55108904774
2025-07-30,Travel Expenses,9518,11322.44415828674
2025-07-31,AWS Cloud Hosting,2582,3266.213546140421
2025-07-31,Marketing Ads,11128,11177.42833993192
2025-07-31,Software Licenses,9374,10744.91111614916
2025-07-31,Office Rent,13367,15283.31401260672
2025-07-31,Travel Expenses,14320,15319.59675645229
2025-08-01,AWS Cloud Hosting,3917,3503.933673322575
2025-08-01,Marketing Ads,14568,13510.48421922618
2025-08-01,Software Licenses,11903,14337.84189106832
2025-08-01,Office Rent,6711,8749.767986800842
2025-08-01,Travel Expenses,6586,8782.288894859126
2025-08-02,AWS Cloud Hosting,8310,10381.69492599586
2025-08-02,Marketing Ads,2873,10381.69492599586
2025-08-02,Software Licenses,10241,10263.3127156012
2025-08-02,Office Rent,2000,2307.679532858436
2025-08-02,Travel Expenses,3610,4235.053280771023
2025-08-03,AWS Cloud Hosting,2560,2658.754647499376
2025-08-03,Marketing Ads,10215,12537.56902165609
2025-08-03,Software Licenses,3646,4370.302540420827
2025-08-03,Office Rent,5107,5257.127450004482
2025-08-03,Travel Expenses,4389,4387.626817034843
2025-08-04,AWS Cloud Hosting,12191,13077.58591422938
2025-08-04,Marketing Ads,10001,12335.48001413257
2025-08-04,Software Licenses,11975,11229.44824394223
2025-08-04,Office Rent,2881,3195.150754474751
2025-08-04,Travel Expenses,14619,17873.91096469048
2025-08-05,AWS Cloud Hosting,2302,2616.785738133439
2025-08-05,Marketing Ads,9144,11002.73525946801
2025-08-05,Software Licenses,3372,3466.705679506611
2025-08-05,Office Rent,11326,13523.87425369167
2025-08-05,Travel Expenses,6283,7371.02229458329
2025-08-06,AWS Cloud Hosting,2926,3799.359005347484
2025-08-06,Marketing Ads,13387,13033.34133245752
2025-08-06,Software Licenses,5713,6871.117678000519
2025-08-06,Office Rent,9627,11025.3892714506
2025-08-06,Travel Expenses,2939,3880.38496408399
2025-08-07,AWS Cloud Hosting,12191,12244.30794006893
2025-08-07,Marketing Ads,7304,8173.404691557978
2025-08-07,Software Licenses,9075,7901.820227686558
2025-08-07,Office Rent,11730,14142.39573058293
2025-08-07,Travel Expenses,5047,4945.384278348959
2025-08-08,AWS Cloud Hosting,10928,10728.60530842269
2025-08-08,Marketing Ads,10760,10411.15466211026
2025-08-08,Software Licenses,4805,10411.15466211026
2025-08-08,Office Rent,13164,17747.5750975489
2025-08-08,Travel Expenses,14889,18075.85025910602
2025-08-09,AWS Cloud Hosting,14701,14321.3355338619
2025-08-09,Marketing Ads,5885,5799.257505271032
2025-08-09,Software Licenses,5715,5487.196225990076
2025-08-09,Office Rent,14743,18307.84211711116
2025-08-09,Travel Expenses,5847,18307.84211711116
2025-08-10,AWS Cloud Hosting,7960,8213.682601322334
2025-08-10,Marketing Ads,11402,13815.64233711744
2025-08-10,Software Licenses,7892,7380.982406522345
2025-08-10,Office Rent,8162,8364.880628979041
2025-08-10,Travel Expenses,12712,12431.32117168338
2025-08-11,AWS Cloud Hosting,10088,10848.36193077103
2025-08-11,Marketing Ads,3218,3460.566741030129
2025-08-11,Software Licenses,5223,6592.295991386259
2025-08-11,Office Rent,12979,15183.20240689595
2025-08-11,Travel Expenses,3483,3668.270284905683
2025-08-12,AWS Cloud Hosting,11457,13043.71213904922
2025-08-12,Marketing Ads,11484,13600.22482774508
2025-08-12,Software Licenses,3083,13600.22482774508
2025-08-12,Office Rent,9036,8218.775815572446
2025-08-12,Travel Expenses,8659,11469.91598285866
2025-08-13,AWS Cloud Hosting,10258,11021.79803118713
2025-08-13,Marketing Ads,6566,7103.860440509759
2025-08-13,Software Licenses,9227,9027.767185305689
2025-08-13,Office Rent,12555,16577.86932939371
2025-08-13,Travel Expenses,13475,14124.16934766176
2025-08-14,AWS Cloud Hosting,5884,6550.160760206055
2025-08-14,Marketing Ads,8630,9051.631083051208
2025-08-14,Software Licenses,10099,11732.89923910211
2025-08-14,Office Rent,5623,6014.668026077199
2025-08-14,Travel Expenses,2907,3579.376441555923
2025-08-15,AWS Cloud Hosting,9923,12050.14460855025
2025-08-15,Marketing Ads,4852,4314.380803748372
2025-08-15,Software Licenses,10945,9665.081865517157
2025-08-15,Office Rent,10545,14091.19042082123
2025-08-15,Travel Expenses,3266,3038.798120387727
2025-08-16,AWS Cloud Hosting,5537,3038.798120387727
2025-08-16,Marketing Ads,13763,12256.251283889
2025-08-16,Software Licenses,4082,3558.741229316261
2025-08-16,Office Rent,12221,11662.47499954006
2025-08-16,Travel Expenses,4820,5744.805171268268
2025-08-17,AWS Cloud Hosting,10841,13908.98140196283
2025-08-17,Marketing Ads,12913,15805.06850956416
2025-08-17,Software Licenses,6633,15805.06850956416
2025-08-17,Office Rent,14226,19195.46626067986
2025-08-17,Travel Expenses,3736,4091.301003951187
2025-08-18,AWS Cloud Hosting,8155,10123.3473304015
2025-08-18,Marketing Ads,7472,6891.404387921244
2025-08-18,Software Licenses,10610,12004.35752070585
2025-08-18,Office Rent,7296,12004.35752070585
2025-08-18,Travel Expenses,5762,7640.501355414499
2025-08-19,AWS Cloud Hosting,8950,11563.57555789088
2025-08-19,Marketing Ads,7482,7553.622067681645
2025-08-19,Software Licenses,2244,2298.237798544571
2025-08-19,Office Rent,9841,9303.37719978237
2025-08-19,Travel Expenses,3357,4461.514519434229
2025-08-20,AWS Cloud Hosting,5653,6686.76377652003
2025-08-20,Marketing Ads,13010,14663.64905194574
2025-08-20,Software Licenses,8438,10874.39428442883
2025-08-20,Office Rent,7281,9534.745145605264
2025-08-20,Travel Expenses,6151,7591.320434121712
2025-08-21,AWS Cloud Hosting,13607,12366.71616023803
2025-08-21,Marketing Ads,12066,12467.96581965605
2025-08-21,Software Licenses,12723,11366.11292333237
2025-08-21,Office Rent,14304,13649.73431028828
2025-08-21,Travel Expenses,7700,9828.852306431094
2025-08-22,AWS Cloud Hosting,9456,9883.510381087637
2025-08-22,Marketing Ads,6889,8534.01915010601
2025-08-22,Software Licenses,2675,3389.908415655103
2025-08-22,Office Rent,13741,14978.18272489465
2025-08-22,Travel Expenses,10072,8647.591716530536
2025-08-23,AWS Cloud Hosting,5454,4656.439403716805
2025-08-23,Marketing Ads,9279,10763.8764460786
2025-08-23,Software Licenses,12016,12054.62227151582
2025-08-23,Office Rent,6093,6684.161298274398
2025-08-23,Travel Expenses,5257,5333.637346098146
2025-08-24,AWS Cloud Hosting,10264,10083.26499952869
2025-08-24,Marketing Ads,9551,8329.477093090716
2025-08-24,Software Licenses,5072,4560.761543242895
2025-08-24,Office Rent,8761,9362.535555189475
2025-08-24,Travel Expenses,9951,11394.23062511614
2025-08-25,AWS Cloud Hosting,3978,5116.75450722907
2025-08-25,Marketing Ads,13656,12658.10271733267
2025-08-25,Software Licenses,3708,3742.558472348877
2025-08-25,Office Rent,13474,14446.62125704847
2025-08-25,Travel Expenses,14673,12602.51784732057
2025-08-26,AWS Cloud Hosting,13839,12740.26238117841
2025-08-26,Marketing Ads,10216,11401.01635961927
2025-08-26,Software Licenses,3233,4338.726696872405
2025-08-26,Office Rent,13268,16674.27319124244
2025-08-26,Travel Expenses,6948,16674.27319124244
2025-08-27,AWS Cloud Hosting,9318,10305.71695137176
2025-08-27,Marketing Ads,6570,6670.432407332949
2025-08-27,Software Licenses,11110,14574.75886659288
2025-08-27,Office Rent,14324,16412.04666106121
2025-08-27,Travel Expenses,5974,6737.034936322683
2025-08-28,AWS Cloud Hosting,9572,8507.044079176283
2025-08-28,Marketing Ads,13743,13510.9983986209
2025-08-28,Software Licenses,7041,8305.780249891663
2025-08-28,Office Rent,6162,5724.904156243095
2025-08-28,Travel Expenses,2479,2661.701290226616
2025-08-29,AWS Cloud Hosting,12559,16396.69802226386
2025-08-29,Marketing Ads,5392,5541.239192986364
2025-08-29,Software Licenses,5255,6601.534164995738
2025-08-29,Office Rent,5271,5434.068090055186
2025-08-29,Travel Expenses,10413,11901.22740839191
2025-08-30,AWS Cloud Hosting,7403,7286.100229694426
2025-08-30,Marketing Ads,8209,9167.24116237713
2025-08-30,Software Licenses,5293,5315.763767765809
2025-08-30,Office Rent,2029,1862.329633286004
2025-08-30,Travel Expenses,13826,16803.40802068613
2025-08-31,AWS Cloud Hosting,3014,3191.366458316527
2025-08-31,Marketing Ads,2274,2650.963647756274
2025-08-31,Software Licenses,8622,11153.65564939162
2025-08-31,Office Rent,14521,19240.52443014955
2025-08-31,Travel Expenses,6712,5832.744883449882
2025-09-01,AWS Cloud Hosting,3430,3391.295680599346
2025-09-01,Marketing Ads,14775,17740.49035212344
2025-09-01,Software Licenses,8855,8666.056688887671
2025-09-01,Office Rent,11528,12595.43281380215
2025-09-01,Travel Expenses,11669,11371.77230914534
2025-09-02,AWS Cloud Hosting,10300,11371.77230914534
2025-09-02,Marketing Ads,9033,7848.303425368149
2025-09-02,Software Licenses,14601,15536.69742188449
2025-09-02,Office Rent,14644,14693.61691129383
2025-09-02,Travel Expenses,12024,11461.24232424222
2025-09-03,AWS Cloud Hosting,7296,9493.57471133149
2025-09-03,Marketing Ads,2651,2880.316583973211
2025-09-03,Software Licenses,5720,6621.256660315891
2025-09-03,Office Rent,10150,13563.75248043477
2025-09-03,Travel Expenses,8675,11419.13039599641
2025-09-04,AWS Cloud Hosting,11747,10040.05440188089
2025-09-04,Marketing Ads,7906,7738.443478933948
2025-09-04,Software Licenses,6506,8080.168904566255
2025-09-04,Office Rent,10860,13834.97517777898
2025-09-04,Travel Expenses,8972,8292.45337067923
2025-09-05,AWS Cloud Hosting,3174,3413.244863663317
2025-09-05,Marketing Ads,11314,11127.92847177657
2025-09-05,Software Licenses,10327,10865.77260194746
2025-09-05,Office Rent,11791,12373.12326141398
2025-09-05,Travel Expenses,3009,3979.155226529267
2025-09-06,AWS Cloud Hosting,2280,2326.676805890871
2025-09-06,Marketing Ads,5202,5860.516924366138
2025-09-06,Software Licenses,9045,9846.655755196107
2025-09-06,Office Rent,4307,4817.764060928978
2025-09-06,Travel Expenses,14506,17311.71639183052
2025-09-07,AWS Cloud Hosting,3214,4285.770748455051
2025-09-07,Marketing Ads,10320,9410.3998301153
2025-09-07,Software Licenses,5624,6388.014564795352
2025-09-07,Office Rent,10748,12649.38419399053
2025-09-07,Travel Expenses,4076,4937.67452634408
2025-09-08,AWS Cloud Hosting,14978,13716.20177781506
2025-09-08,Marketing Ads,7154,9499.643385818405
2025-09-08,Software Licenses,9500,8907.84249997633
2025-09-08,Office Rent,10835,12920.89582929962
2025-09-08,Travel Expenses,3378,3409.885714974546
2025-09-09,AWS Cloud Hosting,3801,4267.313679103922
2025-09-09,Marketing Ads,11577,11897.01050196222
2025-09-09,Software Licenses,12099,11505.01697809787
2025-09-09,Office Rent,9148,10437.1321555752
2025-09-09,Travel Expenses,2280,2568.389317536999
2025-09-10,AWS Cloud Hosting,9278,9230.45849003406
2025-09-10,Marketing Ads,12308,13083.49021795708
2025-09-10,Software Licenses,7602,9396.021533446294
2025-09-10,Office Rent,4357,5322.017730357182
2025-09-10,Travel Expenses,12144,12724.07376746529
2025-09-11,AWS Cloud Hosting,2641,2720.523443334503
2025-09-11,Marketing Ads,14275,16177.76001832667
2025-09-11,Software Licenses,5372,6740.548831255745
2025-09-11,Office Rent,9245,11033.26933040766
2025-09-11,Travel Expenses,11215,12968.30361949132
2025-09-12,AWS Cloud Hosting,4116,3658.222845760553
2025-09-12,Marketing Ads,7217,6718.747506265216
2025-09-12,Software Licenses,4264,4071.257175129202
2025-09-12,Office Rent,9208,11578.05610179361
2025-09-12,Travel Expenses,4614,4620.492167718567
2025-09-13,AWS Cloud Hosting,9353,8516.775347117013
2025-09-13,Marketing Ads,11052,10650.86952750163
2025-09-13,Software Licenses,2379,2492.935992208543
2025-09-13,Office Rent,10261,10830.38652177892
2025-09-13,Travel Expenses,5439,5479.620725935026
2025-09-14,AWS Cloud Hosting,4476,4879.397591269324
2025-09-14,Marketing Ads,7662,8148.03177690677
2025-09-14,Software Licenses,2270,1930.667886125614
2025-09-14,Office Rent,10973,9698.130855000052
2025-09-14,Travel Expenses,11181,10914.12657524769
2025-09-15,AWS Cloud Hosting,4091,4545.112335769877
2025-09-15,Marketing Ads,7701,10017.52700207457
2025-09-15,Software Licenses,4276,4011.727678298483
2025-09-15,Office Rent,2547,3377.199060061433
2025-09-15,Travel Expenses,13788,3377.199060061433
2025-09-16,AWS Cloud Hosting,5339,5555.966726713532
2025-09-16,Marketing Ads,12983,13483.33650176586
2025-09-16,Software Licenses,7853,8772.13670080944
2025-09-16,Office Rent,6784,7541.35123630285
2025-09-16,Travel Expenses,13906,17831.35330754917
2025-09-17,AWS Cloud Hosting,2503,3335.654418994637
2025-09-17,Marketing Ads,7564,6872.22020341861
2025-09-17,Software Licenses,4979,4304.77512820122
2025-09-17,Office Rent,8956,11428.16672111933
2025-09-17,Travel Expenses,11125,11906.45520773647
2025-09-18,AWS Cloud Hosting,12609,12375.81356585745
2025-09-18,Marketing Ads,14564,17473.94716743661
2025-09-18,Software Licenses,9733,11988.96284735927
2025-09-18,Office Rent,4929,6197.434178540876
2025-09-18,Travel Expenses,13564,16445.52512276306
2025-09-19,AWS Cloud Hosting,5939,16445.52512276306
2025-09-19,Marketing Ads,13214,12471.18340291678
2025-09-19,Software Licenses,11861,13194.08683450208
2025-09-19,Office Rent,13651,17365.82603115903
2025-09-19,Travel Expenses,3721,4704.515209827814
2025-09-20,AWS Cloud Hosting,4790,4704.515209827814
2025-09-20,Marketing Ads,13830,16818.4978533414
2025-09-20,Software Licenses,2726,2985.323909663919
2025-09-20,Office Rent,13210,12954.29543428615
2025-09-20,Travel Expenses,10878,13018.60404412646
2025-09-21,AWS Cloud Hosting,5840,6701.008374599742
2025-09-21,Marketing Ads,9440,10358.2595342678
2025-09-21,Software Licenses,10258,12473.50849173022
2025-09-21,Office Rent,10046,12017.76513737067
2025-09-21,Travel Expenses,2976,3492.080499292175
2025-09-22,AWS Cloud Hosting,5067,5014.928959280665
2025-09-22,Marketing Ads,5023,6505.170608743208
2025-09-22,Software Licenses,13122,12178.01149489193
2025-09-22,Office Rent,12955,11468.98946456327
2025-09-22,Travel Expenses,5253,5548.208079272716
2025-09-23,AWS Cloud Hosting,3572,3442.704905759851
2025-09-23,Marketing Ads,2972,3116.188111497501
2025-09-23,Software Licenses,14955,13781.27351179236
2025-09-23,Office Rent,13726,16780.33577572399
2025-09-23,Travel Expenses,7988,9528.396739555275
2025-09-24,AWS Cloud Hosting,10920,13284.73364783975
2025-09-24,Marketing Ads,9211,11621.01199087766
2025-09-24,Software Licenses,3877,4700.83935356021
2025-09-24,Office Rent,3914,5207.21122479444
2025-09-24,Travel Expenses,8204,10543.49680036368
2025-09-25,AWS Cloud Hosting,12558,16866.3274090751
2025-09-25,Marketing Ads,12217,12255.28130882149
2025-09-25,Software Licenses,13958,18489.47154542005
2025-09-25,Office Rent,6381,7686.120735319202
2025-09-25,Travel Expenses,4100,5340.647529319336
2025-09-26,AWS Cloud Hosting,7312,9799.200638040811
2025-09-26,Marketing Ads,5494,6729.127271887985
2025-09-26,Software Licenses,9114,9232.162977657401
2025-09-26,Office Rent,14946,16278.52781417878
2025-09-26,Travel Expenses,8477,8418.113550621398
2025-09-27,AWS Cloud Hosting,14065,17158.50544075243
2025-09-27,Marketing Ads,11375,12962.4903196347
2025-09-27,Software Licenses,13030,15537.35085333407
2025-09-27,Office Rent,3387,3899.257622977292
2025-09-27,Travel Expenses,7691,10042.1927226164
2025-09-28,AWS Cloud Hosting,5481,4984.521618881778
2025-09-28,Marketing Ads,9925,13340.70171972632
2025-09-28,Software Licenses,5048,5309.193555186637
2025-09-28,Office Rent,4854,5494.728036245115
2025-09-28,Travel Expenses,7673,7671.78412552892
2025-09-29,AWS Cloud Hosting,6696,6644.438704742106
2025-09-29,Marketing Ads,4054,4725.12290743029
2025-09-29,Software Licenses,2134,2126.129495985156
2025-09-29,Office Rent,12089,13508.55893646192
2025-09-29,Travel Expenses,9162,11992.46390033784
2025-09-30,AWS Cloud Hosting,13553,16609.92762695852
2025-09-30,Marketing Ads,8831,10692.60768377814
2025-09-30,Software Licenses,7689,9219.215063759368
2025-09-30,Office Rent,8992,10040.85464864967
2025-09-30,Travel Expenses,12125,12963.62928553002
2025-10-01,AWS Cloud Hosting,13892,15815.68513111209
2025-10-01,Marketing Ads,7160,7672.434662598695
2025-10-01,Software Licenses,13950,12982.40167519275
2025-10-01,Office Rent,7182,9670.923030195478
2025-10-01,Travel Expenses,6946,7598.035822172771
2025-10-02,AWS Cloud Hosting,7981,9270.781718528086
2025-10-02,Marketing Ads,3914,3422.959008253367
2025-10-02,Software Licenses,2439,2828.598153554817
2025-10-02,Office Rent,2456,2842.011283331398
2025-10-02,Travel Expenses,14227,18908.1792431357
2025-10-03,AWS Cloud Hosting,13401,16224.93331570453
2025-10-03,Marketing Ads,5578,5238.93217401036
2025-10-03,Software Licenses,4990,6725.630653603171
2025-10-03,Office Rent,7919,9862.968915803947
2025-10-03,Travel Expenses,4827,4717.109845071211
2025-10-04,AWS Cloud Hosting,14827,19593.73130722662
2025-10-04,Marketing Ads,13973,12347.43288788809
2025-10-04,Software Licenses,11753,11295.8605691643
2025-10-04,Office Rent,4894,4571.276579636829
2025-10-04,Travel Expenses,8073,8440.545744309926
2025-10-05,AWS Cloud Hosting,3230,4081.664345890557
2025-10-05,Marketing Ads,11982,15680.88134063656
2025-10-05,Software Licenses,2486,2171.691675582678
2025-10-05,Office Rent,14933,13765.42534485588
2025-10-05,Travel Expenses,2496,2395.202539508177
2025-10-06,AWS Cloud Hosting,10389,12389.19306682663
2025-10-06,Marketing Ads,8964,8249.86315344935
2025-10-06,Software Licenses,11874,12047.1061192417
2025-10-06,Office Rent,13575,12256.93600325684
2025-10-06,Travel Expenses,5534,4886.117412554051
2025-10-07,AWS Cloud Hosting,9429,9072.276292705568
2025-10-07,Marketing Ads,5450,5793.757655636969
2025-10-07,Software Licenses,5913,5544.754299405128
2025-10-07,Office Rent,14888,17282.57222320913
2025-10-07,Travel Expenses,9072,11887.35116764604
2025-10-08,AWS Cloud Hosting,2828,2949.684331804112
2025-10-08,Marketing Ads,4771,4440.044244584323
2025-10-08,Software Licenses,8470,4440.044244584323
2025-10-08,Office Rent,14117,14283.47640495623
2025-10-08,Travel Expenses,9851,12493.36321535272
2025-10-09,AWS Cloud Hosting,10970,12237.78493734022
2025-10-09,Marketing Ads,6864,12237.78493734022
2025-10-09,Software Licenses,12049,16012.57235335287
2025-10-09,Office Rent,13118,16207.62505283749
2025-10-09,Travel Expenses,5084,4905.549203107649
2025-10-10,AWS Cloud Hosting,7237,9294.246410830363
2025-10-10,Marketing Ads,7271,7349.718794541377
2025-10-10,Software Licenses,4660,5866.105634188707
2025-10-10,Office Rent,14289,15780.06531678864
2025-10-10,Travel Expenses,6996,15780.06531678864
2025-10-11,AWS Cloud Hosting,11020,11021.00479337827
2025-10-11,Marketing Ads,13955,16412.15932957957
2025-10-11,Software Licenses,10354,9339.640810640209
2025-10-11,Office Rent,8001,9320.948400308298
2025-10-11,Travel Expenses,14206,17558.75242177726
2025-10-12,AWS Cloud Hosting,5301,5902.855219623987
2025-10-12,Marketing Ads,9222,9291.720872590075
2025-10-12,Software Licenses,9373,10121.57290680166
2025-10-12,Office Rent,12429,11944.76717222855
2025-10-12,Travel Expenses,7617,6594.483035701311
2025-10-13,AWS Cloud Hosting,7811,7085.459872584132
2025-10-13,Marketing Ads,4525,5172.888591625454
2025-10-13,Software Licenses,11598,14000.1660912392
2025-10-13,Office Rent,4402,14000.1660912392
2025-10-13,Travel Expenses,13642,12725.93453054473
2025-10-14,AWS Cloud Hosting,7068,12725.93453054473
2025-10-14,Marketing Ads,11750,10014.25958282672
2025-10-14,Software Licenses,2837,3686.382696640666
2025-10-14,Office Rent,8562,10857.33804660626
2025-10-14,Travel Expenses,12379,13007.2136028452
2025-10-15,AWS Cloud Hosting,5081,4459.399685538391
2025-10-15,Marketing Ads,3055,3473.887986550679
2025-10-15,Software Licenses,4307,4796.775144288707
2025-10-15,Office Rent,13825,18634.94295450728
2025-10-15,Travel Expenses,13915,12991.72537481373
2025-10-16,AWS Cloud Hosting,13243,13587.21563493666
2025-10-16,Marketing Ads,8497,9596.167246033614
2025-10-16,Software Licenses,13114,9596.167246033614
2025-10-16,Office Rent,10758,12905.8716986586
2025-10-16,Travel Expenses,13465,17186.1573288754
2025-10-17,AWS Cloud Hosting,12502,14344.50217876063
2025-10-17,Marketing Ads,7964,6914.267830653292
2025-10-17,Software Licenses,7122,8131.245562638098
2025-10-17,Office Rent,14363,19203.71540500876
2025-10-17,Travel Expenses,14958,17365.76910178189
2025-10-18,AWS Cloud Hosting,14061,16953.28986453365
2025-10-18,Marketing Ads,5848,6897.209890932847
2025-10-18,Software Licenses,11913,10162.01010587154
2025-10-18,Office Rent,10311,13049.60961532763
2025-10-18,Travel Expenses,10158,9943.590034067996
2025-10-19,AWS Cloud Hosting,3092,2822.963505051674
2025-10-19,Marketing Ads,6538,8315.3522813287
2025-10-19,Software Licenses,2663,2621.9318496748
2025-10-19,Office Rent,6456,7468.051980721471
2025-10-19,Travel Expenses,13857,17366.89895188059
2025-10-20,AWS Cloud Hosting,4774,17366.89895188059
2025-10-20,Marketing Ads,11766,10812.12051821902
2025-10-20,Software Licenses,14605,15741.51316572812
2025-10-20,Office Rent,5566,6996.870109853758
2025-10-20,Travel Expenses,8096,7663.174772665241
2025-10-21,AWS Cloud Hosting,3208,3644.607549755905
2025-10-21,Marketing Ads,12558,12676.3968907464
2025-10-21,Software Licenses,7385,6846.878830592305
2025-10-21,Office Rent,2357,2069.106119561864
2025-10-21,Travel Expenses,3237,4304.034057129229
2025-10-22,AWS Cloud Hosting,9015,4304.034057129229
2025-10-22,Marketing Ads,11997,14225.30549333
2025-10-22,Software Licenses,10195,11080.1495897614
2025-10-22,Office Rent,12317,15578.24559453629
2025-10-22,Travel Expenses,14065,17389.45955484254
2025-10-23,AWS Cloud Hosting,8752,9044.500373019799
2025-10-23,Marketing Ads,12320,15091.52056031457
2025-10-23,Software Licenses,13402,16061.3521389309
2025-10-23,Office Rent,12266,16316.77448562647
2025-10-23,Travel Expenses,4086,4437.273454605051
2025-10-24,AWS Cloud Hosting,12562,14263.05482306153
2025-10-24,Marketing Ads,10829,14263.05482306153
2025-10-24,Software Licenses,3542,4279.533777296487
2025-10-24,Office Rent,6434,7178.374441084611
2025-10-24,Travel Expenses,6647,7178.374441084611
2025-10-25,AWS Cloud Hosting,3748,3354.462056370926
2025-10-25,Marketing Ads,14075,15602.742729272
2025-10-25,Software Licenses,2588,2429.500793969969
2025-10-25,Office Rent,11485,14930.13219807939
2025-10-25,Travel Expenses,13495,15958.88652599477
2025-10-26,AWS Cloud Hosting,7138,8830.475709568036
2025-10-26,Marketing Ads,11727,14324.17007332957
2025-10-26,Software Licenses,2116,2630.677907918926
2025-10-26,Office Rent,10565,9511.388265380001
2025-10-26,Travel Expenses,4680,4228.608836648523
2025-10-27,AWS Cloud Hosting,5632,7166.088703089392
2025-10-27,Marketing Ads,9561,9039.583470039315
2025-10-27,Software Licenses,4808,4535.075623586344
2025-10-27,Office Rent,7381,7090.217766381075
2025-10-27,Travel Expenses,3070,3673.036294584079
2025-10-28,AWS Cloud Hosting,5353,6909.948351817061
2025-10-28,Marketing Ads,13043,12613.59585999714
2025-10-28,Software Licenses,5729,7452.621161599802
2025-10-28,Office Rent,13061,7452.621161599802
2025-10-28,Travel Expenses,5683,6287.96400175388
2025-10-29,AWS Cloud Hosting,13568,12249.75939583368
2025-10-29,Marketing Ads,14977,15415.75769712411
2025-10-29,Software Licenses,3313,2911.136200703254
2025-10-29,Office Rent,2140,1891.363940755407
2025-10-29,Travel Expenses,10098,13166.08431552997
2025-10-30,AWS Cloud Hosting,9230,11220.36978591637
2025-10-30,Marketing Ads,8868,11852.25829905363
2025-10-30,Software Licenses,4392,4389.927583275084
2025-10-30,Office Rent,7581,6608.367810825087
2025-10-30,Travel Expenses,3325,2992.915084117594
2025-10-31,AWS Cloud Hosting,2750,3025.48588670764
2025-10-31,Marketing Ads,10215,8795.718893250549
2025-10-31,Software Licenses,13519,15251.73137420978
2025-10-31,Office Rent,12663,11680.18367350979
2025-10-31,Travel Expenses,3332,3366.205064772957
2025-11-01,AWS Cloud Hosting,10359,9483.803599893108
2025-11-01,Marketing Ads,12686,10946.38035339252
2025-11-01,Software Licenses,12785,10946.38035339252
2025-11-01,Office Rent,6051,7188.444202778352
2025-11-01,Travel Expenses,9378,9217.082106478045
2025-11-02,AWS Cloud Hosting,3933,3812.812788625797
2025-11-02,Marketing Ads,11441,11680.34993820539
2025-11-02,Software Licenses,8414,7933.910857020098
2025-11-02,Office Rent,9072,11599.65208899364
2025-11-02,Travel Expenses,2487,3207.948568629517
2025-11-03,AWS Cloud Hosting,5564,7384.740271749401
2025-11-03,Marketing Ads,9187,10390.57850399166
2025-11-03,Software Licenses,13923,16201.52974666964
2025-11-03,Office Rent,8285,10427.99687791438
2025-11-03,Travel Expenses,2082,1948.130663240129
2025-11-04,AWS Cloud Hosting,4314,4062.06644745835
2025-11-04,Marketing Ads,12811,15806.32707053892
2025-11-04,Software Licenses,12536,14025.47011043943
2025-11-04,Office Rent,2908,2564.354912027687
2025-11-04,Travel Expenses,5294,4838.67113692265
2025-11-05,AWS Cloud Hosting,5078,5985.934541595268
2025-11-05,Marketing Ads,14004,16590.93466464935
2025-11-05,Software Licenses,10881,13904.30997829868
2025-11-05,Office Rent,3770,4142.708844909807
2025-11-05,Travel Expenses,5691,6304.395051949943
2025-11-06,AWS Cloud Hosting,5496,6115.881701651208
2025-11-06,Marketing Ads,12675,14218.25541555763
2025-11-06,Software Licenses,6273,8135.780433335408
2025-11-06,Office Rent,10358,9889.791396764786
2025-11-06,Travel Expenses,13120,15187.14860327033
2025-11-07,AWS Cloud Hosting,7895,6833.218726754089
2025-11-07,Marketing Ads,6342,8100.811198746784
2025-11-07,Software Licenses,7243,8389.161077157063
2025-11-07,Office Rent,5371,5009.643386487321
2025-11-07,Travel Expenses,4041,4373.262088687058
2025-11-08,AWS Cloud Hosting,5148,4761.544053656651
2025-11-08,Marketing Ads,7541,7720.03961426044
2025-11-08,Software Licenses,10808,10513.25940497501
2025-11-08,Office Rent,3573,4282.688137127881
2025-11-08,Travel Expenses,6065,6008.273094147043
2025-11-09,AWS Cloud Hosting,4022,5297.517509498713
2025-11-09,Marketing Ads,13680,14148.32630034233
2025-11-09,Software Licenses,14466,13235.75579431901
2025-11-09,Office Rent,7140,7288.32284326206
2025-11-09,Travel Expenses,9214,10644.34253232941
2025-11-10,AWS Cloud Hosting,12919,12433.46068075912
2025-11-10,Marketing Ads,10149,13310.36978324418
2025-11-10,Software Licenses,5050,5211.539959890997
2025-11-10,Office Rent,13221,17798.35288376603
2025-11-10,Travel Expenses,9424,10700.57536415747
2025-11-11,AWS Cloud Hosting,6584,7508.395055094524
2025-11-11,Marketing Ads,14499,17150.26653817811
2025-11-11,Software Licenses,14299,15469.32380063985
2025-11-11,Office Rent,10636,9977.176396997525
2025-11-11,Travel Expenses,11915,12443.40273068271
2025-11-12,AWS Cloud Hosting,5121,6629.321062497812
2025-11-12,Marketing Ads,7865,7005.03574880742
2025-11-12,Software Licenses,4701,6212.836419986205
2025-11-12,Office Rent,8044,8556.681899868041
2025-11-12,Travel Expenses,9963,11072.03217390713
2025-11-13,AWS Cloud Hosting,6424,5899.363277862408
2025-11-13,Marketing Ads,14555,17516.00790244191
2025-11-13,Software Licenses,13165,15120.80970515454
2025-11-13,Office Rent,8078,8649.401311497168
2025-11-13,Travel Expenses,7851,7559.981174115167
2025-11-14,AWS Cloud Hosting,8828,9796.806401230586
2025-11-14,Marketing Ads,7225,7364.594228708873
2025-11-14,Software Licenses,13247,13648.95205216146
2025-11-14,Office Rent,4450,5208.821013249647
2025-11-14,Travel Expenses,14681,14362.42739309847
2025-11-15,AWS Cloud Hosting,9774,8811.581223312596
2025-11-15,Marketing Ads,4448,5632.275658657733
2025-11-15,Software Licenses,14067,17756.00386563536
2025-11-15,Office Rent,3973,3800.983434142414
2025-11-15,Travel Expenses,8596,11028.07941120526
2025-11-16,AWS Cloud Hosting,8571,9909.94002386177
2025-11-16,Marketing Ads,9753,10127.16370406601
2025-11-16,Software Licenses,13167,11839.00364564694
2025-11-16,Office Rent,2025,2353.081073945395
2025-11-16,Travel Expenses,5868,7319.188695598884
2025-11-17,AWS Cloud Hosting,6239,7354.649056759966
2025-11-17,Marketing Ads,12433,11083.99087402731
2025-11-17,Software Licenses,13367,15160.9619105917
2025-11-17,Office Rent,7131,8688.297742377834
2025-11-17,Travel Expenses,9236,10697.01612394636
2025-11-18,AWS Cloud Hosting,5879,6291.785355525969
2025-11-18,Marketing Ads,5949,7228.790266366621
2025-11-18,Software Licenses,2972,2571.465785076708
2025-11-18,Office Rent,2905,2619.167629725643
2025-11-18,Travel Expenses,3001,3272.582370668879
2025-11-19,AWS Cloud Hosting,14990,14897.38338132819
2025-11-19,Marketing Ads,2988,2986.260499743841
2025-11-19,Software Licenses,9273,8607.33609005684
2025-11-19,Office Rent,2094,2204.615337651607
2025-11-19,Travel Expenses,12128,13588.47590626905
2025-11-20,AWS Cloud Hosting,13307,11824.3773719589
2025-11-20,Marketing Ads,2097,2454.116450081242
2025-11-20,Software Licenses,12882,12594.27027860774
2025-11-20,Office Rent,12429,12078.3219011138
2025-11-20,Travel Expenses,11800,12078.3219011138
2025-11-21,AWS Cloud Hosting,12672,13346.05322088094
2025-11-21,Marketing Ads,10614,13959.46364623994
2025-11-21,Software Licenses,13841,15669.57835003252
2025-11-21,Office Rent,8008,7086.111863111302
2025-11-21,Travel Expenses,5171,6782.631859122335
2025-11-22,AWS Cloud Hosting,14846,18412.84508204003
2025-11-22,Marketing Ads,5713,6767.294195198518
2025-11-22,Software Licenses,13727,12699.40796275338
2025-11-22,Office Rent,13076,14697.30323128494
2025-11-22,Travel Expenses,11848,15674.69935493753
2025-11-23,AWS Cloud Hosting,8630,10046.66443479132
2025-11-23,Marketing Ads,13307,14391.75810254455
2025-11-23,Software Licenses,12600,11950.59284117285
2025-11-23,Office Rent,12005,13730.46926039679
2025-11-23,Travel Expenses,11206,11536.38490601237
2025-11-24,AWS Cloud Hosting,7752,9069.102744564396
2025-11-24,Marketing Ads,8495,7831.773231300302
2025-11-24,Software Licenses,12519,14159.44051411065
2025-11-24,Office Rent,9729,8962.077337625526
2025-11-24,Travel Expenses,8171,8427.740833220996
2025-11-25,AWS Cloud Hosting,2607,2541.072019735916
2025-11-25,Marketing Ads,13535,13567.44595083005
2025-11-25,Software Licenses,5152,4817.709440532872
2025-11-25,Office Rent,14172,17282.62876483128
2025-11-25,Travel Expenses,5647,5376.873237857791
2025-11-26,AWS Cloud Hosting,5718,6575.190142350532
2025-11-26,Marketing Ads,5432,5787.223921982845
2025-11-26,Software Licenses,14500,13660.63421141424
2025-11-26,Office Rent,13350,11659.17929636148
2025-11-26,Travel Expenses,2386,2989.080196891299
2025-11-27,AWS Cloud Hosting,8244,9062.588851847348
2025-11-27,Marketing Ads,11227,12398.23483608965
2025-11-27,Software Licenses,10231,13676.37552130578
2025-11-27,Office Rent,9623,12028.55163052506
2025-11-27,Travel Expenses,10585,13451.45463390532
2025-11-28,AWS Cloud Hosting,4484,5357.185687009659
2025-11-28,Marketing Ads,13352,16342.43226789094
2025-11-28,Software Licenses,5372,4943.700770459529
2025-11-28,Office Rent,7342,8352.864623487201
2025-11-28,Travel Expenses,11963,15618.03451177825
2025-11-29,AWS Cloud Hosting,5044,5569.319757146022
2025-11-29,Marketing Ads,8059,9036.595638217304
2025-11-29,Software Licenses,11523,12215.3925968974
2025-11-29,Office Rent,3375,3708.883088352576
2025-11-29,Travel Expenses,14922,15668.64718275943
2025-11-30,AWS Cloud Hosting,2709,3288.935273792981
2025-11-30,Marketing Ads,12687,15531.83817038665
2025-11-30,Software Licenses,8452,10611.97611209396
2025-11-30,Office Rent,2160,2897.77033077232
2025-11-30,Travel Expenses,3794,4732.125843466737
2025-12-01,AWS Cloud Hosting,6813,6740.007136393054
2025-12-01,Marketing Ads,8514,11373.28641198389
2025-12-01,Software Licenses,6187,6403.056108881566
2025-12-01,Office Rent,6716,7658.941569990835
2025-12-01,Travel Expenses,14427,15372.61689531616
2025-12-02,AWS Cloud Hosting,2734,15372.61689531616
2025-12-02,Marketing Ads,13023,12559.13342846389
2025-12-02,Software Licenses,13546,16799.74143437823
2025-12-02,Office Rent,5935,7929.112616257112
2025-12-02,Travel Expenses,13475,18182.3265575931
2025-12-03,AWS Cloud Hosting,7040,8669.610760219184
2025-12-03,Marketing Ads,5869,6279.959282841884
2025-12-03,Software Licenses,6247,5635.118501362422
2025-12-03,Office Rent,6302,6217.257304338785
2025-12-03,Travel Expenses,12068,14059.11581140331
2025-12-04,AWS Cloud Hosting,2057,2697.072174522079
2025-12-04,Marketing Ads,11732,11173.51529134546
2025-12-04,Software Licenses,12966,13090.30374797851
2025-12-04,Office Rent,6933,6154.190245538482
2025-12-04,Travel Expenses,5857,6906.038253127695
2025-12-05,AWS Cloud Hosting,3651,3430.366126660501
2025-12-05,Marketing Ads,2228,2695.035989222781
2025-12-05,Software Licenses,13513,11679.74675412314
2025-12-05,Office Rent,3547,3079.261814293969
2025-12-05,Travel Expenses,12205,13402.33156582788
2025-12-06,AWS Cloud Hosting,7987,8179.682096987593
2025-12-06,Marketing Ads,7130,9281.894634663651
2025-12-06,Software Licenses,7081,7684.150366219485
2025-12-06,Office Rent,11694,12212.49227234319
2025-12-06,Travel Expenses,7467,7472.421491352509
2025-12-07,AWS Cloud Hosting,7038,9266.3634153177
2025-12-07,Marketing Ads,4783,5770.406677252433
2025-12-07,Software Licenses,7551,6838.765957683023
2025-12-07,Office Rent,13075,13986.66802172283
2025-12-07,Travel Expenses,5400,5347.780189978196
2025-12-08,AWS Cloud Hosting,3944,4204.914875173097
2025-12-08,Marketing Ads,8581,9441.360010318429
2025-12-08,Software Licenses,5861,7860.347110492123
2025-12-08,Office Rent,3406,4569.363932888409
2025-12-08,Travel Expenses,7769,9951.684093349068
2025-12-09,AWS Cloud Hosting,14637,18945.95784413421
2025-12-09,Marketing Ads,14393,19259.77738350665
2025-12-09,Software Licenses,10703,13452.13472002185
2025-12-09,Office Rent,10919,11094.08341953435
2025-12-09,Travel Expenses,8445,8594.033715925858
2025-12-10,AWS Cloud Hosting,14359,19360.40013177719
2025-12-10,Marketing Ads,3705,3274.847023160376
2025-12-10,Software Licenses,8997,8621.146302681382
2025-12-10,Office Rent,5307,5286.513435671
2025-12-10,Travel Expenses,3749,4764.818298936426
2025-12-11,AWS Cloud Hosting,12682,13006.51013560142
2025-12-11,Marketing Ads,2620,2257.62467746983
2025-12-11,Software Licenses,14828,15525.8350320324
2025-12-11,Office Rent,13255,11676.20215105122
2025-12-11,Travel Expenses,2100,1974.563954843229
2025-12-12,AWS Cloud Hosting,7087,6125.17622251299
2025-12-12,Marketing Ads,4347,5522.557686872481
2025-12-12,Software Licenses,3528,4097.201255447444
2025-12-12,Office Rent,2810,2788.987603433817
2025-12-12,Travel Expenses,14177,13249.66691051487
2025-12-13,AWS Cloud Hosting,7665,9168.843062355645
2025-12-13,Marketing Ads,13085,9168.843062355645
2025-12-13,Software Licenses,6383,7217.501519835136
2025-12-13,Office Rent,9115,11385.58186120091
2025-12-13,Travel Expenses,9149,12021.83265537184
2025-12-14,AWS Cloud Hosting,2513,2948.415112840039
2025-12-14,Marketing Ads,5137,5126.941922800262
2025-12-14,Software Licenses,11225,10220.28415574826
2025-12-14,Office Rent,4173,5424.496838201396
2025-12-14,Travel Expenses,4802,6474.246456328097
2025-12-15,AWS Cloud Hosting,13784,17007.5238474797
2025-12-15,Marketing Ads,11290,13870.61366209362
2025-12-15,Software Licenses,3443,3705.916590423054
2025-12-15,Office Rent,14282,18150.45821838166
2025-12-15,Travel Expenses,8728,7860.460648585751
2025-12-16,AWS Cloud Hosting,10190,13754.56170244535
2025-12-16,Marketing Ads,6465,7567.760126289611
2025-12-16,Software Licenses,11977,10929.45239866448
2025-12-16,Office Rent,4937,4365.979024508081
2025-12-16,Travel Expenses,13210,17802.39380727228
2025-12-17,AWS Cloud Hosting,12934,17404.15968107352
2025-12-17,Marketing Ads,11308,11223.8032869147
2025-12-17,Software Licenses,14157,15332.5726598901
2025-12-17,Office Rent,7665,7899.910004025386
2025-12-17,Travel Expenses,9668,7899.910004025386
2025-12-18,AWS Cloud Hosting,11320,12927.49074405776
2025-12-18,Marketing Ads,13574,15041.33629422568
2025-12-18,Software Licenses,7702,6957.440342890611
2025-12-18,Office Rent,3981,4108.951348997582
2025-12-18,Travel Expenses,2752,2887.233438626668
2025-12-19,AWS Cloud Hosting,5082,4918.103146656531
2025-12-19,Marketing Ads,8188,9320.495453911128
2025-12-19,Software Licenses,9258,9967.823021398499
2025-12-19,Office Rent,3065,9967.823021398499
2025-12-19,Travel Expenses,9503,9652.32221196739
2025-12-20,AWS Cloud Hosting,6506,8222.494238788684
2025-12-20,Marketing Ads,8137,7580.339138379863
2025-12-20,Software Licenses,11961,12282.67980905593
2025-12-20,Office Rent,3309,3930.818602294338
2025-12-20,Travel Expenses,13792,12962.41245927132
2025-12-21,AWS Cloud Hosting,3373,3377.058579476354
2025-12-21,Marketing Ads,11341,9988.095637318005
2025-12-21,Software Licenses,13278,12362.99540210383
2025-12-21,Office Rent,5154,12362.99540210383
2025-12-21,Travel Expenses,5576,7436.681899407969
2025-12-22,AWS Cloud Hosting,7499,9397.937452849677
2025-12-22,Marketing Ads,11161,13330.1605752184
2025-12-22,Software Licenses,12115,10301.28610436924
2025-12-22,Office Rent,3246,4345.421857610378
2025-12-22,Travel Expenses,13212,15340.64632396553
2025-12-23,AWS Cloud Hosting,8127,9986.163308860643
2025-12-23,Marketing Ads,4512,5601.862077465309
2025-12-23,Software Licenses,7265,9449.12597332986
2025-12-23,Office Rent,7892,6712.550403223074
2025-12-23,Travel Expenses,10504,10227.10207509163
2025-12-24,AWS Cloud Hosting,12623,11723.13014735705
2025-12-24,Marketing Ads,9707,12208.9797486009
2025-12-24,Software Licenses,7981,7131.692948840751
2025-12-24,Office Rent,4439,3784.777680068559
2025-12-24,Travel Expenses,3905,3952.505706268928
2025-12-25,AWS Cloud Hosting,14166,15032.2798320384
2025-12-25,Marketing Ads,9341,8204.259674065885
2025-12-25,Software Licenses,2711,2336.609266806548
2025-12-25,Office Rent,6749,6681.943207970871
2025-12-25,Travel Expenses,10036,10079.59864816946
2025-12-26,AWS Cloud Hosting,2606,2606.190662542394
2025-12-26,Marketing Ads,7295,8632.726587302244
2025-12-26,Software Licenses,9470,10916.06182838478
2025-12-26,Office Rent,14764,16127.11278576414
2025-12-26,Travel Expenses,11461,9797.854317487787
2025-12-27,AWS Cloud Hosting,3420,3462.116400821488
2025-12-27,Marketing Ads,7485,8275.770446372273
2025-12-27,Software Licenses,4584,4259.651085688038
2025-12-27,Office Rent,13324,4259.651085688038
2025-12-27,Travel Expenses,13325,12519.01306770834
2025-12-28,AWS Cloud Hosting,12723,12967.69300975158
2025-12-28,Marketing Ads,4404,4981.500244034151
2025-12-28,Software Licenses,7905,7405.873347741552
2025-12-28,Office Rent,4572,4973.583134183583
2025-12-28,Travel Expenses,14987,18390.18055441459
2025-12-29,AWS Cloud Hosting,3592,4493.229290590557
2025-12-29,Marketing Ads,2830,3390.698140611561
2025-12-29,Software Licenses,8615,7971.036171255271
2025-12-29,Office Rent,8112,10748.16476884225
2025-12-29,Travel Expenses,7391,9120.843586147717
2025-12-30,AWS Cloud Hosting,8664,7385.19122475836
2025-12-30,Marketing Ads,8934,9945.367427705904
2025-12-30,Software Licenses,6118,6829.396323940126
2025-12-30,Office Rent,9429,10920.77725739684
2025-12-30,Travel Expenses,12541,15171.56851227114
2025-12-31,AWS Cloud Hosting,3358,15171.56851227114
2025-12-31,Marketing Ads,6648,6241.141633942184
2025-12-31,Software Licenses,3193,3133.710829094162
2025-12-31,Office Rent,10814,12340.07783255443
2025-12-31,Travel Expenses,5203,5469.127904457197
